82.111277,308.290163,-22.83,11.23,0,0,0.184,0.18,-33.39,-0.75,0.26,1,11
82.165148,315,-23.1,9.02,0,0,0.247,0.245,-23.36,-0.53,0.21,59,426
82.151645,318.366461,-14.5,2.69,-1.03,0.62,0.285,0.284,-13.79,-0.36,0.07,1257,693
82.111277,321.709837,-15.66,1.27,0,0,0.323,0.324,-15.69,-0.35,0.03,935,693
82.044457,325.00798,25.6,17.32,0,0,0.358,0.361,31.32,0.7,0.4,80,907
81.951853,328.24052,-142.12,13.48,0,0,0.383,0.375,-145.47,-3.27,0.31,42,504
81.693028,334.440035,121.27,17.63,0,0,0.388,0.393,117.68,2.65,0.4,34,751
81.258745,296.565051,93.66,12.18,0,0,0.154,0.152,90.18,2.03,0.28,79,1
81.392839,299.475889,-15.97,3.17,0,0,0.151,0.143,-12.81,-0.29,0.07,701,483
81.50415,302.471192,-28.43,19.35,0,0,0.16,0.151,-29.61,-0.67,0.44,56,394
81.591757,305.537678,-0.22,20.4,0,0,0.178,0.171,-6.38,-0.14,0.47,40,646
81.654906,308.659808,-53.94,5.62,0,0,0.203,0.197,-52.76,-1.19,0.13,427,71
81.693028,311.82017,-5.99,23.18,0,0,0.234,0.227,-8.29,-0.19,0.53,22,423
81.705775,315,-47.18,3.95,0,0,0.269,0.263,-51.42,-1.16,0.09,1509,155
81.693028,318.17983,9.8,1.06,-0.48,0.45,0.309,0.305,10.25,0.2,0.03,2643,1556
81.654906,321.340192,5.94,0.28,1.29,0.41,0.351,0.348,5.89,0.12,0.02,2642,1526
81.591757,324.462322,-6.66,0.87,0,0,0.389,0.385,-4.36,-0.1,0.02,1950,991
81.50415,327.528808,-25.73,1.53,0,0,0.419,0.413,-28.63,-0.64,0.04,1474,366
81.392839,330.524111,-128.7,3.86,0,0,0.432,0.427,-127.22,-2.86,0.09,885,518
81.258745,333.434949,153.56,9.98,0,0,0.426,0.423,153.61,3.46,0.23,210,678
80.822281,297.474432,-5.7,3.43,0,0,0.159,0.151,-7.7,-0.17,0.08,481,1094
80.949807,300.256437,-4.14,1.61,-0.54,0.63,0.155,0.145,-6.5,-0.2,0.05,2637,971
81.055521,303.111342,4.07,0.52,-2.64,0.42,0.163,0.152,7.94,0.14,0.03,2176,1305
81.138628,306.027373,-14.6,0.7,3.73,0.54,0.182,0.17,-18.11,-0.45,0.03,1647,762
81.198479,308.990994,-21,2.22,0,0,0.206,0.193,-13.99,-0.31,0.05,1608,670
81.234588,311.987212,-14.9,1.37,0.42,0.52,0.236,0.222,-9.57,-0.27,0.04,1876,1059
81.246658,315,-11.36,1.67,-1.2,0.39,0.272,0.257,-7.32,-0.21,0.05,2564,1203
81.234588,318.012788,11.83,0.37,-6.19,0.29,0.312,0.298,15.73,0.3,0.04,2641,1760
81.198479,321.009006,5.29,0.08,-4.25,0.15,0.354,0.34,9.75,0.18,0.03,2641,1808
81.138628,323.972627,1.93,0.18,-2,0.19,0.392,0.38,4.17,0.05,0.02,2641,1570
81.055521,326.888658,1.89,0.38,-1.82,0.28,0.423,0.411,4.6,0.07,0.03,2641,1261
80.949807,329.743563,5.81,0.36,0.91,0.34,0.442,0.432,7.66,0.13,0.03,2600,1264
80.822281,332.525568,-8.82,1.63,0,0,0.444,0.436,-1.44,-0.03,0.04,959,887
80.673852,335.224859,-23.7,13.69,0,0,0.426,0.419,-31.93,-0.72,0.31,28,733
80.383981,298.300756,-20.19,14.65,0,0,0.16,0.15,-20.89,-0.47,0.34,108,277
80.50552,300.963757,-25.94,1.43,0.01,0.11,0.154,0.143,-27.93,-0.64,0.03,2468,277
80.606151,303.690068,3.49,0.21,-0.76,0.38,0.162,0.148,1.8,0.01,0.02,2635,1269
80.685184,306.469234,4.58,0.11,-3,0.21,0.178,0.163,7.03,0.1,0.02,2636,1469
80.742057,309.289407,1.55,0.54,-1.82,0.23,0.198,0.182,6.79,0.13,0.02,2637,1449
80.776352,312.137595,-0.99,0.47,-3.3,0.21,0.226,0.208,7.08,0.13,0.03,2638,1463
80.787812,315,11.59,0.23,-5.33,0.18,0.259,0.241,17.63,0.36,0.03,2638,1762
80.776352,317.862405,6.21,0.1,-4.26,0.17,0.298,0.28,9.76,0.18,0.02,2638,1920
80.742057,320.710593,4.25,0.05,-3.43,0.16,0.34,0.322,7.56,0.14,0.02,2639,1952
80.685184,323.530766,7.81,0.08,-3.37,0.13,0.379,0.363,11.08,0.22,0.02,2638,1795
80.606151,326.309932,13.58,0.11,-3.39,0.14,0.413,0.396,17.24,0.34,0.03,2638,1680
80.50552,329.036243,13.82,0.08,-1.93,0.16,0.438,0.418,16,0.33,0.03,2638,1633
80.383981,331.699244,-2.04,0.32,2.04,0.31,0.443,0.424,-2.24,-0.09,0.03,2572,1313
80.24233,334.290046,-18.83,0.76,0,0,0.427,0.41,-16.62,-0.37,0.02,1697,258
80.081447,336.801409,-20.02,5.82,0,0,0.393,0.378,-29.17,-0.66,0.13,205,471
79.902269,339.227745,-7.79,5.27,0,0,0.347,0.335,-9.02,-0.2,0.12,129,671
79.705774,341.565051,8.31,3.22,0,0,0.29,0.333,7.02,0.16,0.07,180,39
79.654698,294.145542,-86.71,9.67,0,0,0.178,0.062,-80.04,-1.8,0.22,200,0
79.808711,296.565051,-44.39,1.99,0,0,0.168,0.158,-42.65,-0.96,0.05,1889,295
79.944136,299.054604,-19.67,0.67,4.28,0.77,0.157,0.146,-24.21,-0.6,0.04,1635,674
80.060196,301.607502,-17.51,0.26,0.58,0.39,0.151,0.138,-16.99,-0.43,0.02,2537,949
80.156192,304.215702,-2.34,0.15,-2.64,0.37,0.155,0.139,-0.71,-0.02,0.01,2633,1243
80.231521,306.869898,12.56,0.12,-3.77,0.24,0.165,0.147,15.37,0.31,0.02,2634,1597
80.285691,309.559668,7.62,0.09,-4.2,0.18,0.181,0.16,11.92,0.23,0.02,2635,1781
80.318341,312.273689,6.22,0.18,-4.17,0.16,0.206,0.183,10.55,0.21,0.02,2635,1833
80.32925,315,8.22,0.14,-3.65,0.16,0.236,0.213,12.19,0.24,0.02,2636,1975
80.318341,317.726311,7.01,0.06,-3.06,0.13,0.272,0.247,10.06,0.19,0.02,2636,2073
80.285691,320.440332,4.41,0.05,-2.86,0.13,0.311,0.285,7.13,0.13,0.02,2636,2052
80.231521,323.130102,8.13,0.05,-2.74,0.15,0.349,0.323,10.59,0.21,0.02,2636,1954
80.156192,325.784298,11.16,0.06,-3.39,0.13,0.382,0.357,14.52,0.3,0.02,2636,1869
80.060196,328.392498,9.82,0.06,-2.08,0.11,0.406,0.383,11.32,0.23,0.02,2635,1721
79.944136,330.945396,5.64,0.14,-1.61,0.21,0.417,0.394,6.94,0.13,0.02,2635,1486
79.808711,333.434949,-3.18,0.16,-0.19,0.49,0.409,0.388,-2.7,-0.09,0.02,2634,1064
79.654698,335.854458,-20.57,0.76,0,0,0.386,0.367,-16.89,-0.38,0.02,1900,632
79.482933,338.198591,-26.33,2.53,0,0,0.351,0.332,-27.45,-0.62,0.06,1633,30
79.294289,340.463345,9.79,1.57,0,0,0.3,0.328,8.95,0.2,0.04,382,5
79.060754,292.750976,-15.11,13.76,0,0,0.182,0.173,-7.37,-0.17,0.32,81,96
79.22564,295.016893,-30.91,1.86,0,0,0.176,0.167,-31.6,-0.71,0.04,2052,437
79.373301,297.349876,-28.41,0.32,-0.82,0.51,0.164,0.154,-25.63,-0.62,0.03,2626,896
79.502991,299.744881,-17.14,0.13,-2.59,0.29,0.152,0.14,-14.68,-0.36,0.02,2628,1261
79.614022,302.195734,-5.02,0.11,-2.77,0.28,0.144,0.13,-2.42,-0.07,0.01,2629,1468
79.705774,304.695154,0.69,0.15,-2.37,0.2,0.142,0.125,3.64,0.07,0.01,2630,1531
79.777719,307.234834,9.02,0.09,-4.36,0.2,0.146,0.126,12.98,0.26,0.02,2631,1709
79.829426,309.805571,9.61,0.07,-4.03,0.17,0.157,0.134,13.29,0.27,0.02,2632,1929
79.860579,312.397438,7.34,0.1,-3.08,0.12,0.177,0.152,10.94,0.22,0.02,2632,2032
79.870985,315,6.52,0.18,-2.46,0.08,0.203,0.177,9.1,0.18,0.02,2633,2126
79.860579,317.602562,6.04,0.05,-1.93,0.05,0.234,0.207,8.04,0.15,0.02,2633,2185
79.829426,320.194429,6.54,0.05,-2.11,0.08,0.27,0.242,8.68,0.17,0.02,2633,2148
79.777719,322.765166,6.79,0.05,-2.39,0.12,0.306,0.278,9.08,0.18,0.02,2633,2065
79.705774,325.304846,8.22,0.05,-2.86,0.12,0.34,0.313,10.48,0.21,0.02,2633,1941
79.614022,327.804266,7.18,0.05,-2.47,0.11,0.367,0.34,9.35,0.19,0.02,2632,1753
79.502991,330.255119,1.2,0.12,-2.3,0.19,0.383,0.354,4.02,0.06,0.02,2632,1467
79.373301,332.650124,-6.3,0.16,0.99,0.4,0.379,0.353,-6.96,-0.19,0.02,2631,1123
79.22564,334.983107,-11.78,0.3,-0.62,0.17,0.362,0.338,-10.73,-0.26,0.01,2630,847
79.060754,337.249024,-33.39,0.99,0,0,0.335,0.314,-30.19,-0.68,0.02,2505,596
78.87943,339.443955,-76.13,3.84,0,0,0.297,0.315,-77.16,-1.74,0.09,1485,22
78.682478,341.565051,-28.28,2.74,0,0,0.246,0.312,-53.62,-1.21,0.06,3,3
78.067563,287.447188,-41.3,3.16,0,0,0.131,0.147,-45.59,-1.03,0.07,734,315
78.271845,289.440035,-10.58,0.77,-0.07,0.41,0.158,0.143,-2.33,-0.09,0.03,1554,919
78.461608,291.501434,-6.6,0.81,0,0,0.177,0.165,-0.19,0,0.02,1140,468
78.636101,293.629378,-2.77,0.48,0,0,0.182,0.173,-1.45,-0.03,0.01,2201,936
78.794588,295.820992,-9.49,0.59,-0.58,0.34,0.174,0.165,-7.23,-0.19,0.02,2622,1213
78.936362,298.072487,-10.4,0.14,-2.62,0.27,0.159,0.149,-6.04,-0.16,0.02,2623,1378
79.060754,300.379126,-5.13,0.09,-1.93,0.27,0.144,0.131,-4.08,-0.12,0.02,2625,1554
79.167152,302.735226,4.59,0.08,-3.46,0.22,0.133,0.117,8.03,0.16,0.02,2626,1703
79.255006,305.134193,6.55,0.08,-3.7,0.19,0.126,0.108,10.24,0.21,0.02,2627,1806
79.323849,307.568592,8.23,0.07,-3.6,0.16,0.125,0.105,11.85,0.24,0.02,2628,1920
79.373301,310.030259,8.55,0.07,-3.12,0.11,0.131,0.109,11.33,0.23,0.02,2629,2054
79.403085,312.510447,6.68,0.07,-2.72,0.11,0.146,0.121,9.84,0.2,0.02,2629,2173
79.413033,315,6.16,0.05,-2.06,0.06,0.167,0.141,8.71,0.17,0.02,2630,2250
79.403085,317.489553,5.54,0.06,-1.69,0.04,0.194,0.166,7.15,0.14,0.02,2630,2281
79.373301,319.969741,6.44,0.06,-1.63,0.06,0.226,0.196,8.23,0.16,0.02,2630,2233
79.323849,322.431408,7.43,0.05,-1.88,0.08,0.259,0.228,9.23,0.18,0.02,2630,2136
79.255006,324.865807,7.34,0.05,-2.31,0.12,0.291,0.259,9.11,0.18,0.02,2630,1998
79.167152,327.264774,7.32,0.07,-3.41,0.11,0.318,0.286,10.83,0.22,0.02,2629,1817
79.060754,329.620874,8.3,0.11,-1.6,0.17,0.335,0.304,9.63,0.2,0.02,2629,1583
78.936362,331.927513,1.34,0.12,0.23,0.26,0.338,0.31,2.02,0.01,0.02,2628,1326
78.794588,334.179008,-5.62,0.15,-0.62,0.28,0.33,0.303,-4.8,-0.13,0.02,2627,1036
78.636101,336.370622,-13.01,0.46,0.01,0.19,0.311,0.288,-12.54,-0.3,0.02,2626,888
78.461608,338.498566,-32.41,1.57,0,0,0.284,0.281,-33.88,-0.76,0.04,1203,357
77.660918,288.434949,2.07,15.2,0,0,0.121,0.136,2.58,0.06,0.35,57,0
77.858164,290.376435,-26.92,2.74,0,0,0.152,0.141,-20.12,-0.45,0.06,1577,376
78.041182,292.380135,-5.75,0.46,-2.29,0.44,0.173,0.161,-3.05,-0.09,0.02,2615,1489
78.209287,294.443955,0.05,0.16,-4.09,0.33,0.177,0.166,4.22,0.07,0.02,2617,1593
78.361812,296.565051,1.19,0.12,-2.15,0.22,0.168,0.155,1.69,0.02,0.02,2618,1634
78.498118,298.739795,-0.69,0.07,-1.78,0.2,0.152,0.138,1.6,0.02,0.01,2620,1695
78.617604,300.963757,4.16,0.07,-3.22,0.18,0.134,0.12,6.62,0.13,0.01,2622,1789
78.719721,303.231711,7.21,0.07,-3.61,0.18,0.118,0.102,10.22,0.21,0.02,2623,1897
78.803982,305.537678,6.88,0.09,-3.24,0.12,0.108,0.09,9.36,0.19,0.02,2624,1994
78.86997,307.874984,6.38,0.07,-3.06,0.1,0.104,0.083,9.02,0.18,0.02,2625,2101
78.917351,310.236358,5.4,0.07,-2.96,0.11,0.106,0.083,7.18,0.14,0.02,2626,2184
78.945879,312.614056,6.32,0.06,-2.29,0.06,0.116,0.09,8.61,0.17,0.02,2626,2282
78.955406,315,4.8,0.06,-1.66,0.03,0.132,0.105,7.06,0.13,0.02,2627,2349
78.945879,317.385944,4.41,0.1,-1.43,0.02,0.154,0.124,5.98,0.11,0.02,2627,2367
78.917351,319.763642,6.12,0.06,-1.34,0.04,0.18,0.15,7.33,0.14,0.01,2627,2306
78.86997,322.125016,8.32,0.05,-1.67,0.06,0.21,0.178,10.32,0.21,0.01,2627,2207
78.803982,324.462322,8.29,0.06,-1.95,0.09,0.239,0.206,9.63,0.19,0.02,2627,2075
78.719721,326.768289,9.44,0.07,-3.25,0.13,0.264,0.232,12.2,0.25,0.02,2626,1906
78.617604,329.036243,11.33,0.12,-2.62,0.12,0.284,0.252,14.83,0.32,0.02,2626,1709
78.498118,331.260205,0.14,0.24,-3.31,0.18,0.294,0.264,2.79,0.02,0.03,2625,1400
78.361812,333.434949,-9.76,0.2,1.78,0.39,0.292,0.264,-12.51,-0.32,0.02,2624,1081
78.209287,335.556045,-8.5,0.49,-0.9,0.21,0.28,0.254,-7.46,-0.18,0.02,2623,1080
78.041182,337.619865,-13.34,1.12,0,0,0.259,0.235,-10.41,-0.23,0.03,1770,403
77.25117,289.358994,-53.67,9.17,0,0,0.104,0.113,-32.7,-0.74,0.21,419,2
77.441785,291.250506,-123.66,15.62,0,0,0.144,0.118,-121.41,-2.73,0.36,140,27
77.618467,293.198591,-65.41,4.05,0,0,0.167,0.148,-56.35,-1.27,0.09,1028,106
77.780591,295.201124,-21.88,1.05,-2.78,0.49,0.167,0.155,-16.98,-0.4,0.03,2496,1407
77.927549,297.255328,0.23,0.18,-5.16,0.3,0.154,0.141,4.87,0.08,0.02,2615,1800
78.058763,299.357754,3.93,0.08,-3.54,0.17,0.138,0.123,7.29,0.14,0.02,2617,1937
78.173693,301.504267,4,0.06,-3.39,0.16,0.12,0.106,7,0.14,0.02,2618,1989
78.271845,303.690068,5.59,0.06,-3.16,0.12,0.104,0.089,7.75,0.15,0.01,2620,2067
78.352783,305.909723,7.47,0.09,-3.05,0.11,0.092,0.075,7.92,0.16,0.01,2621,2145
78.416137,308.157227,6.16,0.06,-2.86,0.11,0.084,0.066,8.76,0.17,0.02,2622,2226
78.461608,310.426079,4.67,0.07,-2.53,0.08,0.082,0.062,6.83,0.13,0.02,2622,2311
78.488979,312.70939,5.53,0.05,-2.19,0.04,0.086,0.065,7.13,0.13,0.02,2623,2385
78.498118,315,4.5,0.06,-1.76,0.03,0.097,0.074,6.62,0.12,0.02,2623,2437
78.488979,317.29061,4.19,0.08,-1.45,0.02,0.114,0.088,6.08,0.11,0.02,2624,2445
78.461608,319.573921,7.03,0.06,-1.19,0.02,0.136,0.108,8.22,0.17,0.01,2624,2377
78.416137,321.842773,8.37,0.05,-1.57,0.05,0.163,0.132,10.34,0.21,0.02,2624,2274
78.352783,324.090277,8.23,0.07,-1.84,0.07,0.189,0.157,9.07,0.18,0.02,2623,2156
78.271845,326.309932,10.05,0.07,-2.6,0.13,0.213,0.18,12.04,0.25,0.02,2623,2011
78.173693,328.495733,12.23,0.1,-3.92,0.11,0.233,0.201,15.43,0.33,0.02,2622,1834
78.058763,330.642246,12.26,0.21,-2.27,0.18,0.247,0.216,14.02,0.28,0.02,2622,1572
77.927549,332.744672,1.7,0.44,-1.02,0.28,0.251,0.221,2.44,0.02,0.02,2621,1365
77.780591,334.798876,5.03,0.41,1.38,0.38,0.244,0.217,3.09,0.05,0.02,2620,1242
77.618467,336.801409,50.63,0.78,0,0,0.229,0.204,52.24,1.18,0.02,2474,680
77.441785,338.749494,-86.83,1.68,0,0,0.206,0.182,-86.3,-1.94,0.04,443,491
76.838655,290.224859,-73.96,8.24,0,0,0.075,0.09,-75.27,-1.69,0.19,667,471
77.023014,292.0679,-15.52,2.72,0,0,0.111,0.083,-16.14,-0.36,0.06,1623,1127
77.193738,293.962489,-18.7,4.77,0,0,0.137,0.11,-25,-0.56,0.11,872,498
77.350251,295.906508,-12.29,1.49,-1.5,0.44,0.144,0.12,-16.18,-0.39,0.04,2563,1300
77.492003,297.897271,1.45,0.12,-5.61,0.34,0.137,0.116,5.59,0.09,0.02,2612,1756
77.618467,299.931512,4.05,0.13,-4.67,0.19,0.122,0.105,8.68,0.17,0.02,2613,2017
77.729155,302.005383,3.35,0.07,-4.22,0.16,0.106,0.091,6.96,0.13,0.02,2615,2131
77.823624,304.114473,1.75,0.06,-3.59,0.12,0.091,0.075,4.88,0.08,0.02,2616,2200
77.901482,306.253838,3.66,0.08,-3.24,0.11,0.078,0.062,4.84,0.08,0.02,2617,2269
77.962396,308.418055,4.1,0.06,-2.64,0.09,0.07,0.052,5.88,0.11,0.02,2618,2344
78.0061,310.601295,3.33,0.06,-2.15,0.05,0.065,0.046,5.26,0.09,0.02,2619,2421
78.032402,312.797402,3.57,0.05,-1.91,0.03,0.066,0.045,4.83,0.08,0.02,2619,2479
78.041182,315,4.71,0.05,-1.82,0.03,0.073,0.05,6.77,0.12,0.02,2620,2527
78.032402,317.202598,5.15,0.05,-1.48,0.02,0.084,0.059,7.16,0.13,0.02,2620,2518
78.0061,319.398705,6.76,0.16,-1.23,0.02,0.101,0.073,8.53,0.17,0.02,2620,2453
77.962396,321.581945,8.54,0.05,-1.43,0.04,0.121,0.092,9.67,0.2,0.01,2620,2359
77.901482,323.746162,8.15,0.05,-1.72,0.07,0.143,0.112,10.56,0.22,0.01,2620,2243
77.823624,325.885527,7.28,0.08,-2.29,0.12,0.165,0.133,9.12,0.18,0.02,2619,2116
77.729155,327.994617,8.48,0.08,-3.17,0.14,0.184,0.152,10.98,0.23,0.01,2619,1981
77.618467,330.068488,10.05,0.18,-4.29,0.14,0.2,0.169,13.94,0.28,0.02,2618,1824
77.492003,332.102729,6.72,0.3,-2.16,0.17,0.208,0.179,9.13,0.18,0.02,2617,1603
77.350251,334.093492,9.61,0.34,-0.45,0.26,0.208,0.181,12.57,0.29,0.01,2616,1396
77.193738,336.037511,19.38,1.41,0,0,0.198,0.173,19.66,0.44,0.03,2615,533
77.023014,337.9321,-75.62,0.65,0,0,0.18,0.155,-76.31,-1.72,0.02,1159,49
76.423674,291.037511,-29.55,2.55,0,0,0.041,0.073,-32.69,-0.74,0.06,454,308
76.602126,292.833654,-106.21,5.27,0,0,0.073,0.045,-168.3,-3.79,0.12,1811,476
76.767237,294.676863,-13.49,0.73,-2.6,0.63,0.096,0.069,-13.42,-0.32,0.03,2604,1417
76.918481,296.565051,-1.84,0.42,-9.03,0.55,0.107,0.082,7.29,0.13,0.03,2606,1651
77.055354,298.495639,0.28,0.3,-8.19,0.42,0.106,0.084,8.27,0.15,0.03,2608,1808
77.177377,300.465545,3.67,0.27,-7.62,0.34,0.1,0.081,10.14,0.19,0.03,2610,1934
77.284109,302.471192,-0.67,0.1,-5.99,0.25,0.09,0.074,5.27,0.08,0.03,2611,2055
77.375147,304.508523,1.59,0.08,-4.85,0.17,0.078,0.064,5.58,0.09,0.02,2612,2188
77.45014,306.573031,4.31,0.1,-3.37,0.09,0.067,0.053,6.77,0.12,0.02,2614,2326
77.508788,308.659808,4.11,0.07,-2.61,0.07,0.057,0.044,5.79,0.1,0.02,2614,2432
77.550855,310.763605,4.35,0.05,-2.02,0.03,0.051,0.036,6.25,0.11,0.02,2615,2514
77.576165,312.878904,3.29,0.05,-1.82,0.03,0.049,0.031,4.68,0.08,0.02,2616,2560
77.584613,315,3.68,0.04,-1.67,0.02,0.051,0.032,5.64,0.1,0.02,2616,2606
77.576165,317.121096,4.47,0.05,-1.34,0.02,0.058,0.036,6.24,0.12,0.02,2616,2590
77.550855,319.236395,6.35,0.1,-1.17,0.02,0.069,0.045,7.85,0.15,0.02,2617,2525
77.508788,321.340192,7.07,0.06,-1.15,0.02,0.084,0.059,8.24,0.17,0.01,2616,2445
77.45014,323.426969,7.66,0.05,-1.48,0.04,0.103,0.075,9.89,0.2,0.01,2616,2348
77.375147,325.491477,8.03,0.06,-2.12,0.08,0.122,0.093,9.88,0.2,0.02,2616,2245
77.284109,327.528808,7.03,0.08,-2.28,0.09,0.141,0.111,8.47,0.17,0.02,2615,2125
77.177377,329.534455,6.64,0.15,-3.36,0.09,0.157,0.127,9.58,0.2,0.02,2614,2016
77.055354,331.504361,15.16,0.21,-4.79,0.12,0.168,0.14,21.34,0.46,0.02,2614,1897
76.918481,333.434949,19.02,0.47,-3.93,0.15,0.173,0.145,24.14,0.53,0.02,2612,1765
76.767237,335.323137,-68.23,2.89,0,0,0.167,0.142,-68.19,-1.53,0.07,2611,1030
76.602126,337.166346,-95.59,3.47,0,0,0.153,0.129,-91.01,-2.05,0.08,1709,160
76.423674,338.962489,-37.5,4.19,0,0,0.131,0.11,-65.16,-1.47,0.1,3,0
76.006494,291.801409,-103.53,6.02,0,0,0.007,0.059,-103.31,-2.32,0.14,486,0
76.179362,293.552264,-91.8,9.11,0,0,0.035,0.062,-82.58,-1.86,0.21,882,317
76.339181,295.346176,-31.85,2.21,0,0,0.057,0.064,-25.91,-0.58,0.05,1712,355
76.485467,297.181111,-52.08,1.93,0,0,0.071,0.082,-60.36,-1.36,0.04,2127,700
76.61776,299.054604,-28.7,1.22,-6.75,0.46,0.077,0.057,-21.69,-0.54,0.03,2604,1339
76.735623,300.963757,-0.02,0.52,-9.68,0.48,0.077,0.06,3.06,0.03,0.04,2606,1644
76.838655,302.905243,-1.25,0.19,-8.33,0.34,0.074,0.059,6.33,0.1,0.03,2607,1876
76.926492,304.875328,-2.46,0.11,-5.85,0.23,0.068,0.055,2.6,0.02,0.03,2609,2107
76.998814,306.869898,1.59,0.09,-4.2,0.12,0.061,0.048,5.32,0.08,0.02,2610,2295
77.055354,308.884496,4.49,0.07,-3.23,0.09,0.053,0.04,7.19,0.13,0.02,2611,2449
77.095896,310.914383,2.9,0.05,-2.16,0.03,0.045,0.032,4.73,0.08,0.02,2611,2563
77.120284,312.954592,2.46,0.05,-1.86,0.02,0.04,0.025,4.11,0.06,0.02,2612,2635
77.128424,315,3.92,0.04,-1.58,0.02,0.039,0.021,6.2,0.11,0.02,2612,2678
77.120284,317.045408,4.09,0.06,-1.36,0.02,0.041,0.021,6.17,0.12,0.01,2613,2659
77.095896,319.085617,5.91,0.06,-1.15,0.02,0.047,0.025,7.55,0.15,0.01,2613,2608
77.055354,321.115504,5.3,0.13,-1.13,0.02,0.057,0.033,6.93,0.14,0.01,2613,2537
76.998814,323.130102,5.79,0.06,-1.16,0.02,0.071,0.044,7.03,0.14,0.01,2612,2454
76.926492,325.124672,6.5,0.06,-1.64,0.04,0.087,0.059,8.68,0.17,0.02,2612,2368
76.838655,327.094757,6.29,0.08,-2.05,0.08,0.103,0.074,8.29,0.17,0.01,2611,2245
76.735623,329.036243,5.7,0.1,-2.33,0.1,0.118,0.089,7.76,0.15,0.01,2611,2155
76.61776,330.945396,12.1,0.14,-3.3,0.12,0.13,0.102,15.2,0.32,0.02,2610,2132
76.485467,332.818889,9.86,0.54,-5.88,0.17,0.138,0.111,17.49,0.37,0.02,2609,2037
76.339181,334.653824,-5.95,2.58,0,0,0.137,0.111,-6.69,-0.15,0.06,2607,1248
76.179362,336.447736,40.3,1.73,0,0,0.127,0.103,44.79,1.01,0.04,2598,781
76.006494,338.198591,-9.98,5.73,0,0,0.11,0.089,-12.29,-0.28,0.13,450,31
75.909759,295.974394,-194.99,14.06,0,0,0.022,0.062,-336.81,-7.58,0.32,5,0
76.051375,297.758541,-748.12,55.89,0,0,0.039,0.07,-669.69,-15.07,1.28,139,0
76.179362,299.577839,-103.22,4.5,0,0,0.051,0.057,-106.95,-2.41,0.1,1811,442
76.293321,301.429566,-29.02,0.74,-2.24,0.46,0.059,0.042,-29.16,-0.7,0.04,2602,1201
76.392886,303.310631,-3.4,0.35,-12.43,0.61,0.061,0.048,7.42,0.12,0.04,2603,1679
76.477727,305.217593,-1.92,0.17,-7.5,0.29,0.061,0.05,4.94,0.07,0.03,2605,1997
76.547555,307.146687,-0.33,0.1,-4.94,0.16,0.057,0.046,4.24,0.06,0.02,2606,2263
76.602126,309.093859,4.25,0.08,-3.5,0.1,0.05,0.04,6.81,0.12,0.02,2607,2449
76.641247,311.054814,3.29,0.07,-2.43,0.03,0.043,0.033,5.53,0.09,0.02,2607,2580
76.664776,313.025066,2.68,0.06,-1.89,0.02,0.035,0.025,4.71,0.07,0.02,2608,2681
76.672629,315,3.84,0.06,-1.57,0.02,0.03,0.02,5.68,0.1,0.02,2608,2744
76.664776,316.974934,4.4,0.05,-1.32,0.02,0.027,0.017,6.95,0.14,0.01,2609,2730
76.641247,318.945186,4.58,0.05,-1.12,0.01,0.028,0.018,6.39,0.12,0.01,2609,2687
76.602126,320.906141,4.26,0.12,-1.13,0.02,0.034,0.023,6.84,0.13,0.01,2609,2628
76.547555,322.853313,4.97,0.07,-1.21,0.02,0.043,0.019,6.61,0.13,0.01,2608,2555
76.477727,324.782407,4.92,0.06,-1.25,0.02,0.055,0.041,6.58,0.12,0.02,2608,2468
76.392886,326.689369,4.14,0.09,-1.29,0.02,0.07,0.044,5.77,0.11,0.01,2607,2398
76.293321,328.570434,5.25,0.08,-1.52,0.03,0.084,0.058,7.19,0.14,0.01,2607,2355
76.179362,330.422161,8.58,0.07,-2.38,0.08,0.097,0.079,10.98,0.22,0.02,2606,2323
76.051375,332.241459,7.62,0.23,-4.23,0.18,0.105,0.091,12.01,0.25,0.02,2605,2160
75.909759,334.025606,10.32,0.55,-6.65,0.22,0.107,0.094,19.31,0.43,0.02,2603,1783
75.754938,335.772255,4.49,0.58,-1.14,0.46,0.101,0.078,7.07,0.12,0.03,2602,1482
75.587354,337.479434,-1.99,3.18,0,0,0.088,0.07,5.55,0.12,0.07,1081,402
75.740284,300.068583,-36.59,20.32,0,0,0.03,0.053,-25.64,-0.58,0.47,231,0
75.850572,301.865978,-64.43,2.95,0,0,0.043,0.046,-66.83,-1.5,0.07,2296,852
75.946883,303.690068,-16.5,0.45,-4.11,0.33,0.052,0.043,-13.76,-0.34,0.02,2599,1478
76.028916,305.537678,-2.51,0.28,-9.59,0.34,0.057,0.049,6.24,0.09,0.03,2601,1970
76.096407,307.405357,-1.92,0.13,-5.92,0.21,0.057,0.046,3.46,0.03,0.03,2602,2225
76.149137,309.289407,2.23,0.11,-3.95,0.11,0.052,0.04,4.98,0.07,0.03,2603,2433
76.186929,311.185925,4.29,0.08,-2.78,0.04,0.043,0.031,7.15,0.12,0.03,2603,2585
76.209655,313.090848,3.9,0.08,-2.43,0.03,0.034,0.022,6.86,0.12,0.02,2604,2707
76.21724,315,2.88,0.06,-1.95,0.02,0.025,0.014,4.72,0.08,0.02,2604,2789
76.209655,316.909152,5.32,0.09,-1.5,0.02,0.019,0.009,8.02,0.16,0.02,2605,2801
76.186929,318.814075,4.11,0.06,-1.19,0.02,0.016,0.008,5.92,0.11,0.01,2605,2766
76.149137,320.710593,4.22,0.06,-1.19,0.02,0.017,0.012,7.99,0.16,0.01,2605,2717
76.096407,322.594643,6.03,0.13,-1.28,0.02,0.023,0.013,8.78,0.18,0.01,2604,2653
76.028916,324.462322,1.56,0.07,-1.41,0.02,0.032,0.031,2.71,0.04,0.02,2604,2555
75.946883,326.309932,3.21,0.07,-1.39,0.02,0.044,0.033,5.29,0.1,0.01,2603,2490
75.850572,328.134022,6.32,0.06,-1.41,0.02,0.057,0.043,8.13,0.16,0.01,2603,2492
75.740284,329.931417,6,0.08,-1.45,0.02,0.068,0.071,7.71,0.15,0.02,2602,2468
75.616353,331.699244,8.8,0.11,-2.82,0.1,0.076,0.079,11.29,0.23,0.02,2601,2353
75.479144,333.434949,9.51,0.27,-6.16,0.15,0.08,0.082,16.25,0.34,0.02,2599,2082
75.329047,335.136303,9.23,0.24,-4.77,0.22,0.078,0.071,14.27,0.3,0.02,2598,1890
75.166469,336.801409,-1.61,0.88,-0.81,0.35,0.073,0.063,-0.05,-0.03,0.03,2167,1321
74.991837,338.428693,-56.08,9.84,0,0,0.064,0.059,-53.44,-1.2,0.23,265,20
75.407469,302.275644,-191.8,2.18,0,0,0.032,0.029,-191.65,-4.31,0.05,1847,548
75.500719,304.045937,-71.92,0.98,-1.25,0.43,0.046,0.04,-71.59,-1.65,0.03,2595,1333
75.580114,305.837653,-10.75,0.22,-11.08,0.4,0.056,0.047,0.14,-0.05,0.03,2596,1836
75.645413,307.647621,-7.34,0.5,-7.47,0.25,0.059,0.048,-0.17,-0.05,0.03,2597,2161
75.696416,309.47246,2.28,0.16,-4.25,0.13,0.055,0.043,5.13,0.07,0.03,2598,2381
75.732963,311.308614,3.79,0.17,-2.98,0.04,0.046,0.033,6.4,0.1,0.03,2599,2571
75.754938,313.15239,4.18,0.09,-2.73,0.03,0.035,0.022,7.34,0.12,0.03,2600,2703
75.76227,315,3.33,0.06,-2.5,0.03,0.023,0.011,6.24,0.1,0.02,2600,2808
75.754938,316.84761,4.63,0.08,-1.74,0.02,0.013,0.003,6.62,0.12,0.02,2600,2862
75.732963,318.691386,2.49,0.06,-1.27,0.02,0.006,0.003,5.81,0.11,0.02,2600,2838
75.696416,320.52754,2.86,0.05,-1.13,0.02,0.004,0.003,5.16,0.09,0.02,2600,2791
75.645413,322.352379,6.08,0.12,-1.25,0.02,0.006,0,8.4,0.17,0.01,2600,2740
75.580114,324.162347,3.75,0.12,-1.36,0.02,0.012,0.008,5.69,0.1,0.02,2600,2682
75.500719,325.954063,3.1,0.06,-1.43,0.02,0.022,0.02,5.15,0.1,0.01,2599,2668
75.407469,327.724356,5.31,0.06,-1.39,0.02,0.034,0.032,7.47,0.15,0.01,2598,2635
75.300638,329.470294,5.53,0.07,-1.5,0.02,0.046,0.043,6.74,0.13,0.02,2597,2594
75.180533,331.189206,6.32,0.12,-2.34,0.07,0.056,0.054,7.75,0.15,0.02,2596,2465
75.047488,332.878697,3.43,0.23,-5.3,0.16,0.062,0.059,8,0.16,0.02,2595,2240
74.901862,334.536655,-3.79,0.23,-5.84,0.2,0.061,0.059,1.32,0,0.02,2594,1861
74.744032,336.16126,-19.05,0.48,-1.12,0.38,0.058,0.056,-15.74,-0.39,0.02,2543,1530
74.574393,337.750976,-38.85,2.87,0,0,0.055,0.051,-38.96,-0.88,0.07,830,1184
74.964093,302.660913,-126.51,3.78,0,0,0.026,0.039,-127.55,-2.87,0.09,1327,167
75.05446,304.380345,-74.71,3.65,0,0,0.043,0.035,-74.43,-1.67,0.08,2591,1091
75.131372,306.119341,-31.07,0.33,-10.03,0.46,0.056,0.047,-19.77,-0.5,0.04,2592,1680
75.19461,307.874984,-4.45,0.52,-8.69,0.27,0.062,0.051,4.41,0.05,0.03,2593,2055
75.243991,309.644175,0.12,0.15,-5.13,0.16,0.059,0.047,3.38,0.03,0.03,2594,2342
75.279368,311.423666,2.02,0.11,-3.67,0.06,0.05,0.037,5.37,0.08,0.03,2595,2549
75.300638,313.210089,4.01,0.08,-3.24,0.03,0.038,0.024,6.77,0.1,0.03,2595,2693
75.307734,315,3.19,0.08,-2.78,0.03,0.023,0.011,6.47,0.1,0.03,2596,2818
75.300638,316.789911,3.1,0.07,-2.07,0.03,0.01,0.002,4.2,0.06,0.02,2596,2892
75.279368,318.576334,1.79,0.05,-1.52,0.02,0,0.011,5.63,0.1,0.02,2596,2893
75.243991,320.355825,2.51,0.07,-1.2,0.02,-0.006,0.016,4.92,0.09,0.02,2596,2841
75.19461,322.125016,3.79,0.12,-1.17,0.02,-0.006,0.015,6.6,0.14,0.01,2596,2795
75.131372,323.880659,2.91,0.13,-1.38,0.02,-0.001,0.009,3.96,0.06,0.02,2595,2757
75.05446,325.619655,2.11,0.07,-1.37,0.02,0.008,0.001,3.42,0.06,0.01,2595,2752
74.964093,327.339087,4.41,0.06,-1.28,0.02,0.019,0.014,6.12,0.12,0.01,2594,2722
74.860523,329.036243,6.34,0.08,-1.47,0.02,0.031,0.027,7.37,0.14,0.01,2593,2662
74.744032,330.708638,1.35,0.32,-2.74,0.07,0.042,0.038,2.37,0.03,0.02,2592,2494
74.614928,332.354025,-2.83,0.5,-6.6,0.16,0.048,0.043,3.09,0.05,0.02,2591,2089
74.47354,333.970408,-18.55,1.38,0.04,0.34,0.047,0.042,-19.22,-0.45,0.03,2384,1568
74.320218,335.556045,-49.99,9.83,0,0,0.051,0.043,-49.58,-1.12,0.23,1146,1336
74.155326,337.109448,-95.56,7.33,0,0,0.056,0.048,-100.36,-2.26,0.17,675,450
74.520519,303.023868,-38.44,8.3,0,0,0.021,0.038,-38.65,-0.87,0.19,227,31
74.608164,304.695154,-68.23,1.94,0,0,0.041,0.033,-66.28,-1.49,0.04,2581,990
74.682736,306.384352,-37.09,0.31,-7.83,0.38,0.059,0.048,-28.49,-0.69,0.03,2587,1592
74.744032,308.088773,-11.38,0.23,-9.03,0.2,0.067,0.055,-2.12,-0.09,0.03,2588,2025
74.791886,309.805571,0.66,0.14,-5.85,0.17,0.064,0.052,5.66,0.08,0.03,2589,2315
74.826164,311.531771,2.09,0.17,-4.52,0.11,0.054,0.042,6.09,0.09,0.03,2590,2512
74.84677,313.264295,2.4,0.08,-3.6,0.04,0.041,0.028,5.72,0.08,0.03,2591,2677
74.853645,315,2.52,0.08,-3.04,0.04,0.025,0.012,6.12,0.1,0.03,2591,2817
74.84677,316.735705,2.87,0.07,-2.27,0.03,0.009,0.004,4.36,0.07,0.02,2591,2909
74.826164,318.468229,2.32,0.05,-1.61,0.02,-0.004,0.016,4.52,0.07,0.02,2591,2945
74.791886,320.194429,2.38,0.06,-1.33,0.02,-0.012,0.023,5.81,0.1,0.02,2591,2910
74.744032,321.911227,3.52,0.07,-1.23,0.02,-0.015,0.025,6.83,0.14,0.01,2591,2865
74.682736,323.615648,8.23,0.16,-1.42,0.02,-0.012,0.021,7.25,0.15,0.01,2591,2843
74.608164,325.304846,3.12,0.09,-1.42,0.02,-0.004,0.011,4.46,0.09,0.01,2590,2842
74.520519,326.976132,6.26,0.08,-1.36,0.02,0.007,0,7.81,0.16,0.01,2589,2789
74.420031,328.626995,6.63,0.08,-1.71,0.02,0.021,0.013,9.14,0.18,0.01,2588,2761
74.306959,330.255119,2.52,0.31,-3.6,0.11,0.036,0.026,5.64,0.11,0.02,2587,2520
74.181588,331.858399,-8.48,0.68,-6.49,0.28,0.047,0.036,-4.51,-0.14,0.03,2586,1923
74.044221,333.434949,-50.21,4.71,0,0,0.053,0.041,-55.61,-1.25,0.11,2103,1136
73.895183,334.983107,-89.93,7.05,0,0,0.057,0.046,-95.01,-2.14,0.16,710,1081
73.734811,336.501434,-62.84,8.28,0,0,0.061,0.052,-100.16,-2.25,0.19,13,413
74.076814,303.366366,-154.79,9.57,0,0,0.023,0.033,-157.8,-3.55,0.22,239,0
74.161887,304.99202,-67.66,1.74,0,0,0.045,0.034,-62.45,-1.41,0.04,2581,1038
74.234248,306.634114,-26.71,0.28,-4.87,0.39,0.063,0.052,-24.01,-0.59,0.03,2583,1628
74.293713,308.290163,-6.77,0.19,-9.03,0.24,0.071,0.06,1.47,-0.01,0.03,2584,2003
74.340127,309.957549,-0.97,0.1,-6.21,0.17,0.068,0.057,4.36,0.05,0.03,2585,2290
74.373368,311.633539,3.55,0.25,-4.55,0.1,0.059,0.046,7.41,0.12,0.03,2585,2494
74.393349,313.315316,2.41,0.09,-3.83,0.04,0.044,0.031,6.57,0.09,0.03,2586,2659
74.400015,315,1.85,0.09,-3.32,0.04,0.026,0.013,5.01,0.06,0.03,2586,2809
74.393349,316.684684,1.65,0.05,-2.61,0.03,0.008,0.005,4.26,0.05,0.03,2587,2915
74.373368,318.366461,3.39,0.06,-1.98,0.02,-0.007,0.02,5.03,0.08,0.02,2587,2980
74.340127,320.042451,4.08,0.06,-1.62,0.02,-0.017,0.029,8.26,0.16,0.02,2587,2979
74.293713,321.709837,3.44,0.07,-1.37,0.02,-0.022,0.033,6.31,0.11,0.02,2586,2944
74.234248,323.365886,4.5,0.14,-1.37,0.02,-0.019,0.03,5.63,0.1,0.02,2586,2919
74.161887,325.00798,5.74,0.1,-1.47,0.02,-0.01,0.02,7.49,0.15,0.01,2585,2927
74.076814,326.633634,4.8,0.1,-1.44,0.02,0.003,0.007,6.63,0.13,0.01,2585,2929
73.979243,328.24052,3.92,0.09,-1.9,0.02,0.019,0.009,6.41,0.12,0.02,2584,2833
73.869411,329.82648,-0.35,1.17,-5.11,0.19,0.037,0.027,3.65,0.06,0.03,2583,2517
73.74758,331.38954,-38.12,4.68,-0.2,0.23,0.052,0.041,-39.63,-0.92,0.11,2349,1897
73.614033,332.92792,-23.04,23.89,0,0,0.061,0.048,-33.64,-0.76,0.55,356,1281
73.633041,303.690068,-179.74,16.59,0,0,0.027,0.018,-179.63,-4.04,0.38,64,15
73.715678,305.272421,-80.06,2.31,0,0,0.05,0.04,-74.97,-1.69,0.05,2491,959
73.785949,306.869898,-36.48,0.28,-2.25,0.39,0.066,0.056,-35.02,-0.83,0.02,2578,1569
73.843682,308.480198,-4.22,0.24,-9.5,0.24,0.075,0.064,3.97,0.05,0.03,2579,1986
73.888735,310.100908,0.04,0.14,-6.4,0.14,0.072,0.061,6.16,0.09,0.03,2580,2286
73.920998,311.729512,2.62,0.17,-4.9,0.11,0.062,0.05,3.96,0.03,0.03,2581,2491
73.940388,313.363423,3.46,0.09,-4.03,0.03,0.046,0.034,8.18,0.13,0.04,2581,2669
73.946857,315,2.41,0.09,-3.52,0.03,0.027,0.014,5.44,0.07,0.03,2582,2805
73.940388,316.636577,3.06,0.06,-2.97,0.03,0.007,0.006,6.67,0.1,0.03,2582,2925
73.920998,318.270488,4.42,0.05,-2.23,0.03,-0.01,0.023,5.7,0.09,0.02,2582,2997
73.888735,319.899092,4.17,0.05,-1.83,0.02,-0.021,0.033,7.92,0.15,0.02,2582,3025
73.843682,321.519802,5.14,0.1,-1.48,0.01,-0.026,0.038,7.43,0.14,0.02,2582,3026
73.785949,323.130102,5.13,0.06,-1.47,0.02,-0.023,0.034,8.19,0.16,0.02,2581,3030
73.715678,324.727579,5.36,0.14,-1.53,0.02,-0.013,0.024,7.2,0.14,0.01,2581,3050
73.633041,326.309932,3.77,0.08,-1.52,0.02,0.001,0.009,5.98,0.12,0.01,2580,3048
73.538233,327.875002,0.6,0.14,-1.93,0.02,0.019,0.009,2.44,0.04,0.01,2579,2949
73.431474,329.420773,-1.8,1.25,-5.17,0.17,0.04,0.029,4.13,0.03,0.05,2578,2468
73.313006,330.945396,-15.09,2.09,-1.33,0.3,0.061,0.048,-14.24,-0.34,0.05,2280,2041
73.183092,332.447188,-22.36,64.28,0,0,0.077,0.062,-64.04,-1.44,1.47,164,657
73.269583,305.537678,-95.48,3.03,0,0,0.052,0.044,-96.63,-2.17,0.07,2213,805
73.337873,307.092837,-72.94,0.4,-2.52,0.36,0.069,0.06,-69.99,-1.62,0.02,2573,1479
73.393967,308.659808,-24.58,0.22,-8.12,0.24,0.077,0.068,-16.46,-0.41,0.02,2574,1930
73.437733,310.236358,-4.82,0.11,-6.81,0.14,0.074,0.064,2.27,0,0.03,2575,2248
73.46907,311.82017,2.03,0.22,-4.86,0.11,0.064,0.053,3.68,0.03,0.03,2575,2487
73.487902,313.40886,2.99,0.09,-3.72,0.03,0.048,0.036,6.6,0.09,0.04,2576,2661
73.494185,315,2.16,0.08,-3.36,0.03,0.027,0.015,5.66,0.07,0.03,2576,2808
73.487902,316.59114,1.93,0.07,-2.88,0.03,0.006,0.007,5.25,0.07,0.03,2577,2915
73.46907,318.17983,4.08,0.06,-2.43,0.02,-0.012,0.025,6.25,0.1,0.03,2577,3014
73.437733,319.763642,3.18,0.08,-2.09,0.02,-0.024,0.037,5.74,0.09,0.02,2577,3074
73.393967,321.340192,3.13,0.08,-1.71,0.02,-0.028,0.042,5.99,0.11,0.02,2576,3107
73.337873,322.907163,4.71,0.06,-1.66,0.02,-0.025,0.038,7.78,0.16,0.01,2576,3128
73.269583,324.462322,3.52,0.27,-1.8,0.02,-0.014,0.027,5.64,0.11,0.02,2575,3145
73.189255,326.003541,2.67,0.07,-1.91,0.03,0.003,0.009,4.24,0.05,0.03,2575,3101
73.097068,327.528808,-0.36,0.13,-2.16,0.03,0.025,0.013,0.85,-0.01,0.02,2574,2980
72.993229,329.036243,-2.88,0.64,-3.18,0.04,0.05,0.038,-1.05,-0.05,0.02,2573,2753
72.87796,330.524111,-14.91,1.61,-7.63,0.16,0.074,0.062,-4.28,-0.14,0.04,2508,2147
72.751505,331.990823,-52.1,3.04,0,0,0.094,0.081,-49.9,-1.12,0.07,1377,1018
72.614123,333.434949,-57.4,7.59,0,0,0.11,0.096,-49.84,-1.12,0.17,691,1711
72.823644,305.788973,-120.65,5.41,0,0,0.051,0.044,-121.32,-2.73,0.12,1526,190
72.890055,307.303948,-65.08,0.54,0,0,0.068,0.06,-64.13,-1.44,0.01,2568,1436
72.944594,308.829825,-33.47,0.21,-10.06,0.29,0.075,0.067,-23.72,-0.58,0.03,2569,1920
72.987141,310.364537,-7.11,0.14,-7.22,0.15,0.072,0.064,-0.67,-0.06,0.03,2570,2251
73.017601,311.905942,-1.65,0.13,-4.94,0.1,0.061,0.052,1.55,-0.02,0.04,2570,2501
73.035905,313.451842,-1.26,0.17,-3.84,0.04,0.044,0.034,1.84,-0.02,0.04,2571,2674
73.042011,315,1.82,0.09,-3.79,0.04,0.023,0.012,5.62,0.07,0.04,2571,2813
73.035905,316.548158,2.86,0.08,-3.38,0.04,0.003,0.009,6.52,0.09,0.03,2572,2924
73.017601,318.094058,2.54,0.07,-2.76,0.03,-0.015,0.028,5.41,0.08,0.03,2572,3023
72.987141,319.635463,3.85,0.11,-2.57,0.03,-0.027,0.04,5.66,0.09,0.03,2572,3110
72.944594,321.170175,3.73,0.07,-2.34,0.03,-0.03,0.043,6.99,0.12,0.02,2571,3171
72.890055,322.696052,2.9,0.08,-2.22,0.03,-0.026,0.038,5.68,0.09,0.03,2571,3202
72.823644,324.211027,0.63,0.08,-2.23,0.03,-0.013,0.026,4.09,0.07,0.02,2570,3180
72.745507,325.713123,5.46,0.28,-2.18,0.03,0.006,0.005,6.69,0.13,0.02,2570,3062
72.655813,327.200469,-0.39,0.1,-2.36,0.03,0.031,0.019,0.78,-0.01,0.02,2569,2946
72.554749,328.671307,-4.08,0.26,-3.4,0.05,0.058,0.047,-2.5,-0.08,0.02,2568,2795
72.442525,330.124007,-11.55,0.72,-6.17,0.14,0.085,0.074,-8.2,-0.23,0.03,2565,2298
72.319367,331.557071,-31.1,2.63,-1.03,0.29,0.108,0.097,-26.27,-0.63,0.06,2418,1861
72.185515,332.96914,-45.04,8.03,0,0,0.125,0.114,-67.07,-1.51,0.18,1564,1808
72.3779,306.027373,-72.92,5.38,0,0,0.049,0.043,-59.71,-1.34,0.12,364,626
72.442525,307.504142,-29.99,1.3,3.13,0.5,0.065,0.059,-33.23,-0.81,0.04,2547,1606
72.495589,308.990994,-19.35,0.32,-12.35,0.27,0.072,0.065,-5.09,-0.17,0.03,2563,1944
72.536979,310.486012,-6.94,0.26,-7.93,0.15,0.069,0.061,-1.64,-0.1,0.04,2564,2289
72.566607,311.987212,-0.16,0.18,-5.98,0.12,0.057,0.048,5.15,0.05,0.04,2565,2503
72.584409,313.492564,-3.22,0.29,-4.46,0.06,0.039,0.029,-0.45,-0.08,0.04,2566,2664
72.590348,315,-0.13,0.1,-4.32,0.06,0.019,0.008,5.15,0.05,0.04,2566,2791
72.584409,316.507436,2.3,0.1,-3.93,0.05,-0.002,0.013,5.82,0.07,0.04,2566,2909
72.566607,318.012788,1.75,0.07,-3.37,0.04,-0.019,0.032,5.52,0.08,0.03,2566,3013
72.536979,319.513988,5.55,0.1,-3.01,0.04,-0.03,0.043,7.23,0.12,0.03,2566,3101
72.495589,321.009006,2.81,0.06,-2.75,0.05,-0.032,0.045,6.13,0.1,0.02,2566,3182
72.442525,322.495858,1.78,0.14,-2.6,0.04,-0.027,0.039,5.34,0.08,0.03,2566,3227
72.3779,323.972627,0.65,0.06,-2.38,0.03,-0.013,0.025,3.71,0.03,0.03,2565,3146
72.301847,325.437475,4.06,0.2,-2.46,0.04,0.009,0.003,7.98,0.12,0.04,2564,3011
72.214522,326.888658,-0.3,0.08,-2.56,0.03,0.036,0.025,1.26,0,0.02,2563,2871
72.116102,328.324531,-7.88,0.52,-3.66,0.06,0.066,0.056,-6.38,-0.18,0.03,2562,2687
72.00678,329.743563,-17.52,1.45,-7.73,0.29,0.096,0.085,-13.4,-0.34,0.04,2466,2236
71.886767,331.144339,-32.2,12.19,0,0,0.121,0.11,-35.7,-0.8,0.28,517,1000
71.756288,332.525568,-43.69,8.17,0,0,0.139,0.128,-60.85,-1.37,0.19,9,273
71.932386,306.253838,-60.83,7.28,0,0,0.043,0.037,-57.89,-1.3,0.17,13,704
71.995314,307.69424,-37.9,11.34,11.26,0.79,0.056,0.052,-53.96,-1.28,0.26,1492,1915
72.046975,309.143986,-32.3,1.87,-1.6,0.37,0.058,0.055,-31.28,-0.74,0.05,2513,1777
72.087265,310.601295,-15.44,0.55,-10.11,0.16,0.054,0.05,-6.96,-0.21,0.04,2559,2083
72.116102,312.064327,-3.55,0.19,-6.54,0.12,0.043,0.038,2.79,0,0.04,2560,2355
72.133429,313.531199,-5.65,0.24,-5.53,0.07,0.027,0.02,-1.59,-0.11,0.04,2560,2582
72.139208,315,-1.59,0.11,-4.72,0.06,0.008,0,3.91,0.02,0.04,2560,2738
72.133429,316.468801,-0.58,0.56,-4.3,0.05,-0.01,0.02,3.8,0.02,0.04,2561,2863
72.116102,317.935673,1.65,0.09,-3.85,0.05,-0.025,0.037,6,0.08,0.03,2561,2977
72.087265,319.398705,4.3,0.12,-3.63,0.05,-0.034,0.047,6.18,0.09,0.03,2561,3072
72.046975,320.856014,4.88,0.08,-3.13,0.05,-0.034,0.047,8.04,0.14,0.03,2560,3152
71.995314,322.30576,2.95,0.1,-2.95,0.05,-0.026,0.04,6.76,0.11,0.03,2560,3203
71.932386,323.746162,2.21,0.07,-2.45,0.03,-0.011,0.023,5.01,0.06,0.03,2560,3125
71.858317,325.175511,1.07,0.06,-2.3,0.03,0.013,0.001,3.94,0.04,0.03,2559,3000
71.773251,326.592175,-1.31,0.08,-2.47,0.03,0.041,0.031,0.35,-0.02,0.02,2558,2849
71.67735,327.994617,-8.24,0.21,-3.37,0.04,0.073,0.064,-7.91,-0.21,0.03,2557,2623
71.570797,329.381395,-16.2,2.37,-9.24,0.2,0.105,0.096,-13.68,-0.37,0.06,2556,2236
71.453788,330.751174,-43.37,6.34,0,0,0.133,0.123,-42.03,-0.95,0.15,1658,1677
71.326532,332.102729,-67.34,9.28,0,0,0.151,0.142,-66.2,-1.49,0.21,942,1620
71.548449,307.874984,-43.94,6.66,0,0,0.045,0.041,-54.97,-1.24,0.15,68,825
71.598774,309.289407,-51.42,2.57,0,0,0.043,0.04,-50.15,-1.13,0.06,2219,1684
71.638017,310.710847,-14.74,0.91,-10.63,0.29,0.037,0.033,-6.83,-0.21,0.04,2553,1892
71.666103,312.137595,-7.6,0.19,-7.62,0.13,0.027,0.022,-0.9,-0.08,0.04,2554,2266
71.682977,313.567904,-4.54,0.23,-5.9,0.08,0.012,0.005,0.63,-0.06,0.04,2554,2492
71.688605,315,-0.64,0.14,-5.34,0.06,-0.004,0.012,4.72,0.03,0.05,2555,2667
71.682977,316.432096,2.82,0.08,-4.5,0.06,-0.019,0.029,7.2,0.09,0.04,2555,2811
71.666103,317.862405,4.15,0.09,-4.04,0.07,-0.032,0.043,9.02,0.14,0.04,2555,2927
71.638017,319.289153,5.32,0.09,-3.94,0.08,-0.039,0.051,8.37,0.13,0.03,2555,3030
71.598774,320.710593,6.27,0.09,-3.49,0.06,-0.037,0.049,9.38,0.16,0.03,2555,3116
71.548449,322.125016,3.77,0.07,-3.13,0.06,-0.027,0.04,8.25,0.14,0.03,2554,3180
71.487138,323.530766,2.5,0.08,-2.75,0.04,-0.01,0.021,5.51,0.08,0.03,2554,3129
71.414959,324.926246,0.88,0.07,-2.25,0.03,0.015,0.005,3.83,0.04,0.03,2553,3028
71.332046,326.309932,-1.4,0.08,-2.55,0.03,0.044,0.035,1.12,-0.03,0.03,2552,2893
71.238551,327.680383,-0.78,0.08,-3.03,0.04,0.076,0.068,1.42,0.01,0.02,2551,2717
71.134642,329.036243,-2.44,0.52,-4.89,0.13,0.108,0.102,0.21,-0.02,0.02,2550,2526
71.020504,330.376251,-33.04,3.09,-1.87,0.27,0.137,0.13,-28.73,-0.67,0.07,2549,1847
70.896333,331.699244,-28.15,3.74,0,0,0.156,0.149,-18.69,-0.42,0.09,932,482
70.303657,336.801409,-52.9,8.93,0,0,0.117,0.117,-36.15,-0.81,0.2,19,1
71.101956,308.047043,-40.96,5.91,0,0,0.027,0.022,-51.1,-1.15,0.14,34,77
71.151008,309.427802,-53.17,1.5,0,0,0.02,0.02,-51.56,-1.16,0.03,2141,1278
71.189254,310.815084,-11.64,0.86,-11.2,0.31,0.014,0.013,-1.66,-0.09,0.04,2547,1826
71.216624,312.207298,-8.1,0.18,-11.25,0.24,0.008,0.004,2.8,-0.02,0.05,2548,2139
71.233066,313.602819,0.46,0.19,-6.65,0.11,-0.004,0.01,5.51,0.06,0.04,2549,2363
71.238551,315,-0.39,0.17,-5.69,0.07,-0.017,0.025,5.57,0.04,0.05,2549,2577
71.233066,316.397181,3.21,0.09,-5.04,0.08,-0.029,0.039,7.91,0.11,0.04,2549,2731
71.216624,317.792702,6.82,0.1,-4.36,0.07,-0.039,0.05,11.6,0.2,0.04,2549,2868
71.189254,319.184916,4.66,0.15,-4.01,0.09,-0.043,0.056,7.85,0.12,0.03,2549,2977
71.151008,320.572198,7.2,0.18,-3.84,0.09,-0.039,0.052,10.47,0.18,0.03,2549,3070
71.101956,321.952957,4.86,0.08,-3.41,0.07,-0.027,0.04,8.64,0.14,0.03,2549,3149
71.042188,323.32565,1.93,0.07,-3.04,0.05,-0.009,0.02,5.41,0.08,0.03,2548,3150
70.971812,324.688787,1.38,0.07,-2.54,0.03,0.016,0.006,4.07,0.04,0.03,2547,3068
70.890954,326.04094,-0.58,0.07,-2.72,0.04,0.045,0.037,2.14,-0.01,0.03,2547,2947
70.799756,327.380757,0.72,0.11,-3.33,0.05,0.076,0.069,3.55,0.06,0.03,2545,2787
70.698376,328.706961,-5.42,0.3,-4.6,0.12,0.108,0.103,-3.98,-0.12,0.02,2544,2522
70.586985,330.018361,-21.7,3.44,-0.81,0.35,0.136,0.132,-27,-0.64,0.08,2139,1842
70.465768,331.313852,-16.74,14.66,0,0,0.157,0.152,-18.58,-0.42,0.34,343,48
70.194652,333.853159,-27.09,9.65,0,0,0.156,0.15,-27.64,-0.62,0.22,816,302
70.045174,335.095231,-44.15,4.23,0,0,0.137,0.15,-44.99,-1.01,0.1,2208,1621
69.886713,336.317912,-31.86,9.84,0,0,0.111,0.101,-35.05,-0.79,0.23,1040,982
69.719496,337.520566,-78.18,11.73,0,0,0.079,0.109,-71.81,-1.62,0.27,1,0
70.703697,309.559668,-49.89,2.16,0,0,-0.005,0.006,-48.94,-1.1,0.05,1587,865
70.740992,310.914383,-16.78,0.74,-2.47,0.34,-0.01,0.013,-19.86,-0.48,0.03,2542,1629
70.767679,312.273689,-12.58,0.36,-13.13,0.25,-0.012,0.017,-0.43,-0.08,0.04,2542,2019
70.78371,313.636072,1.15,0.16,-8.59,0.14,-0.021,0.028,10.54,0.18,0.04,2543,2252
70.789057,315,1.78,0.2,-6.09,0.1,-0.032,0.041,5.08,0.04,0.05,2543,2487
70.78371,316.363928,3.14,0.15,-5.47,0.07,-0.041,0.051,9.39,0.14,0.04,2543,2659
70.767679,317.726311,6.65,0.16,-4.51,0.07,-0.046,0.058,9.89,0.16,0.04,2544,2804
70.740992,319.085617,3.58,0.14,-4.3,0.09,-0.048,0.06,7.54,0.11,0.04,2543,2921
70.703697,320.440332,6.96,0.11,-3.95,0.1,-0.041,0.053,10.29,0.18,0.03,2543,3026
70.65586,321.788975,6.11,0.09,-3.55,0.1,-0.027,0.039,10.34,0.18,0.03,2543,3105
70.597564,323.130102,1.41,0.12,-3.26,0.07,-0.008,0.019,6.35,0.09,0.03,2542,3130
70.52891,324.462322,0.53,0.09,-2.93,0.05,0.016,0.007,2.22,0.04,0.01,2542,3057
70.450017,325.784298,-2.31,0.06,-3.36,0.05,0.045,0.037,1.38,-0.03,0.04,2541,2962
70.361016,327.094757,-2.57,0.13,-3.89,0.06,0.073,0.068,-0.03,-0.02,0.01,2540,2859
70.262055,328.392498,-8.26,0.41,-4.59,0.1,0.101,0.098,-7.97,-0.23,0.05,2538,2641
70.153295,329.676393,-43.91,5.81,0,0.27,0.125,0.124,-44.12,-0.99,0.14,2527,1593
70.03491,330.945396,-8.01,5.81,0,0,0.141,0.14,-6.43,-0.14,0.13,1338,1354
69.907084,332.198541,-31.22,7.93,0,0,0.146,0.144,-37,-0.83,0.18,1428,1318
69.77001,333.434949,-34.69,2.98,0,0,0.14,0.136,-35.74,-0.8,0.07,2473,1379
69.623892,334.653824,-104.04,6.62,0,0,0.124,0.136,-101.63,-2.29,0.15,2196,694
69.468941,335.854458,-134.11,12.98,0,0,0.1,0.112,-111.88,-2.52,0.3,143,16
70.256861,309.685454,16.49,6.01,0,0,-0.023,0.028,16.26,0.37,0.14,1397,588
70.293248,311.009087,-37.43,0.86,0,0,-0.03,0.036,-43.93,-0.99,0.02,2535,1489
70.319283,312.336999,-11.55,0.36,-13.95,0.42,-0.032,0.038,-1.01,-0.09,0.04,2536,1918
70.334921,313.66778,-0.24,0.17,-10.06,0.15,-0.039,0.045,11.46,0.2,0.04,2537,2182
70.340137,315,0.41,0.2,-6.86,0.13,-0.047,0.056,4.08,0.03,0.04,2537,2401
70.334921,316.33222,4.67,0.13,-5.04,0.07,-0.052,0.062,10.56,0.17,0.04,2537,2578
70.319283,317.663001,6.68,0.22,-4.66,0.08,-0.053,0.065,10.18,0.17,0.04,2537,2737
70.293248,318.990913,7.3,0.1,-4.38,0.11,-0.051,0.064,11.81,0.21,0.03,2537,2867
70.256861,320.314546,6.09,0.11,-4.05,0.13,-0.042,0.055,10.42,0.19,0.03,2537,2971
70.210184,321.632515,6.69,0.19,-3.83,0.13,-0.027,0.039,10.69,0.19,0.03,2537,3056
70.153295,322.943472,1.28,0.14,-3.4,0.1,-0.007,0.018,5.99,0.08,0.03,2536,3068
70.086289,324.246113,-0.22,0.2,-3.7,0.06,0.016,0.007,2.31,-0.02,0.04,2535,2997
70.009274,325.539184,-7.75,0.1,-4.04,0.07,0.042,0.034,-3.79,-0.17,0.05,2535,2846
69.922376,326.821488,-8.14,0.14,-4.85,0.1,0.066,0.061,-5.8,-0.21,0.05,2534,2705
69.825733,328.091893,-5.92,0.37,-5.57,0.17,0.09,0.087,-3.69,-0.14,0.04,2532,2603
69.719496,329.349332,-13.35,3.18,-9.83,0.39,0.111,0.109,2.76,0,0.08,2531,2403
69.603827,330.592811,-6.91,1.43,-6.77,0.31,0.124,0.123,-0.44,-0.04,0.04,2529,2577
69.478899,331.82141,-4.78,1.57,-9.8,0.3,0.127,0.126,6.41,0.09,0.05,2528,2544
69.344897,333.034286,-30.85,2.27,-1.86,0,0.119,0.118,-24.9,-0.59,0.05,2526,2219
69.20201,334.230672,-85.57,10.05,0,0.22,0.103,0.118,-84.45,-1.9,0.23,1157,542
69.810519,309.805571,-61.87,4.54,0,0,-0.035,0.039,-62.81,-1.41,0.1,1238,340
69.846038,311.099506,-44.26,1.13,0,0,-0.048,0.053,-53.64,-1.21,0.03,2529,1371
69.871449,312.397438,-24.32,0.39,-12.72,0.39,-0.052,0.058,-14.3,-0.37,0.03,2530,1815
69.886713,313.698047,-5.81,0.21,-9.85,0.16,-0.056,0.064,4.85,0.06,0.03,2531,2072
69.891803,315,-1.86,0.21,-7.8,0.09,-0.061,0.07,2.33,-0.01,0.04,2531,2305
69.886713,316.301953,2.64,0.17,-5.44,0.09,-0.061,0.072,9.42,0.15,0.04,2531,2499
69.871449,317.602562,5.31,0.13,-4.67,0.08,-0.059,0.071,9.6,0.16,0.03,2531,2659
69.846038,318.900494,9.61,0.11,-4.28,0.1,-0.053,0.065,14.04,0.27,0.03,2531,2803
69.810519,320.194429,2.27,0.19,-4.05,0.13,-0.041,0.054,6.66,0.09,0.04,2531,2916
69.764952,321.483074,7.34,0.18,-3.91,0.15,-0.025,0.037,10.91,0.19,0.04,2531,3003
69.709409,322.765166,1.58,0.09,-3.69,0.12,-0.005,0.016,5.88,0.08,0.03,2530,2998
69.643979,324.039483,-3.37,0.31,-4.1,0.07,0.017,0.007,-2.89,-0.09,0.02,2529,2888
69.568764,325.304846,-18.74,0.67,-4.74,0.08,0.039,0.031,-15.89,-0.45,0.05,2528,2680
69.483881,326.560131,-32.47,0.42,-8.37,0.18,0.059,0.054,-26.71,-0.66,0.03,2527,2333
69.389459,327.804266,-23.21,1.19,-11,0.23,0.078,0.075,-11.72,-0.33,0.04,2526,2360
69.285641,329.036243,-25.24,2.69,-11.2,0.41,0.092,0.092,-15.09,-0.41,0.06,2525,1896
69.17258,330.255119,-25.14,2.15,2.27,0.37,0.099,0.1,-29.2,-0.68,0.05,2443,1716
69.050438,331.460015,-46.25,7.57,0,0,0.099,0.099,-39.48,-0.89,0.17,2214,1700
68.919389,332.650124,-38.89,14.82,0,0,0.092,0.091,-48.84,-1.1,0.34,1380,695
68.779612,333.82471,-252.31,23.78,0,0,0.077,0.091,-235.66,-5.3,0.55,401,1
69.364689,309.920392,-101.93,2.91,0,0,-0.047,0.052,-99.64,-2.24,0.07,1432,516
69.399376,311.185925,-187.16,1.26,0,0,-0.065,0.071,-191.11,-4.3,0.03,2523,1178
69.424191,312.455196,-60.81,0.69,-9.92,0.34,-0.07,0.078,-54.13,-1.28,0.03,2524,1677
69.439096,313.72697,-21.24,0.27,-8.74,0.22,-0.073,0.081,-10.81,-0.29,0.03,2524,1962
69.444067,315,-2.11,0.16,-7.97,0.13,-0.073,0.083,3.98,0.04,0.03,2525,2202
69.439096,316.27303,3.83,0.18,-5.4,0.08,-0.07,0.081,11.49,0.21,0.03,2525,2424
69.424191,317.544804,7.54,0.15,-4.17,0.07,-0.063,0.076,11.61,0.21,0.04,2525,2587
69.399376,318.814075,10.29,0.1,-3.92,0.08,-0.054,0.067,13.82,0.26,0.03,2525,2753
69.364689,320.079608,6.74,0.13,-3.89,0.12,-0.039,0.052,10.69,0.22,0.02,2525,2864
69.320185,321.340192,6.57,0.15,-3.69,0.13,-0.021,0.034,10.74,0.23,0.01,2524,2956
69.265931,322.594643,1.44,0.59,-3.85,0.11,-0.002,0.013,5.15,0.07,0.03,2524,2955
69.20201,323.841815,-5.02,0.53,-3.86,0.08,0.017,0.008,-0.13,-0.03,0.02,2523,2778
69.12852,325.080598,-22.26,0.4,-6.08,0.21,0.036,0.028,-18.55,-0.45,0.03,2522,2382
69.045569,326.309932,-180.7,1.36,-6.29,0.4,0.05,0.045,-176.82,-4.07,0.04,2521,1763
68.953279,327.528808,-61.51,4.04,2.35,0.6,0.063,0.06,-66.13,-1.55,0.1,2425,1847
68.851785,328.736268,-75.92,11.13,-0.8,0,0.072,0.07,-80.96,-1.87,0.26,2409,1930
68.741229,329.931417,-61.85,4.29,0,0,0.074,0.073,-59.22,-1.33,0.1,1925,1414
68.621766,331.113418,-133.43,14.15,0,0,0.071,0.071,-141.4,-3.18,0.32,671,1054
68.493558,332.281498,-226.03,96.86,0,0,0.063,0.08,-212.38,-4.78,2.22,85,56
68.919389,310.030259,-135.64,5.53,0,0,-0.06,0.064,-129.19,-2.91,0.13,1593,425
68.953279,311.268603,-221.11,0.93,0,0,-0.079,0.085,-222.83,-5.01,0.02,2517,1193
68.977523,312.510447,-72.72,0.6,0,0,-0.084,0.092,-75.62,-1.7,0.01,2517,1565
68.992084,313.754636,-16.01,0.24,-7.73,0.32,-0.083,0.093,-8.39,-0.24,0.03,2518,1899
68.99694,315,1.53,0.19,-8.16,0.13,-0.081,0.091,7.2,0.12,0.03,2518,2144
68.992084,316.245364,7.23,0.18,-6.05,0.1,-0.073,0.085,13.37,0.26,0.03,2518,2376
68.977523,317.489553,8.68,0.11,-4.07,0.09,-0.063,0.075,12.45,0.23,0.03,2519,2548
68.953279,318.731397,8.74,0.14,-4.02,0.09,-0.05,0.063,12.2,0.22,0.03,2518,2691
68.919389,319.969741,10.7,0.14,-4.36,0.11,-0.034,0.046,15.49,0.29,0.04,2518,2820
68.875902,321.203448,6.68,0.11,-3.9,0.1,-0.015,0.027,11.07,0.19,0.04,2518,2898
68.822884,322.431408,4.06,0.17,-3.83,0.1,0.002,0.009,7.44,0.12,0.03,2517,2930
68.760411,323.652542,-0.04,0.25,-4.14,0.12,0.019,0.01,4.97,0.09,0.02,2517,2822
68.688575,324.865807,-11.81,0.43,-5.81,0.18,0.033,0.025,-7.58,-0.21,0.03,2516,2521
68.607479,326.070203,-211.19,3.82,-9.88,0.34,0.043,0.037,-200.26,-4.61,0.09,2515,1852
68.517237,327.264774,-206.52,21.66,0,0,0.05,0.046,-215.21,-4.84,0.5,1031,301
68.417975,328.448615,-106.68,19.83,0,0,0.053,0.051,-84.58,-1.9,0.45,1379,1023
68.309828,329.620874,-104.28,15.89,0,0,0.051,0.049,-109.36,-2.46,0.36,329,6
68.192942,330.780753,-123.57,29.25,0,0,0.044,0.058,-161.41,-3.63,0.67,21,6
68.432124,308.927544,-66.62,5.69,0,0,-0.039,0.042,-51.79,-1.17,0.13,425,162
68.474635,310.135486,-29.53,8.81,0,0,-0.072,0.077,-18.48,-0.42,0.2,2482,899
68.507762,311.347777,-26.26,0.79,0,0,-0.092,0.099,-25.45,-0.57,0.02,2510,1326
68.531458,312.563352,-23.03,0.7,-2.84,0.33,-0.095,0.105,-23.58,-0.56,0.02,2511,1671
68.54569,313.781125,-2.97,0.22,-7.01,0.26,-0.093,0.103,3.35,0.04,0.02,2511,1899
68.550436,315,7.6,0.17,-7.98,0.14,-0.087,0.098,15.17,0.31,0.02,2512,2133
68.54569,316.218875,12.28,0.16,-6.46,0.09,-0.075,0.087,14.76,0.29,0.03,2512,2358
68.531458,317.436648,10.02,0.13,-4.26,0.13,-0.061,0.074,14.49,0.28,0.03,2512,2515
68.507762,318.652223,8.91,0.11,-4.36,0.1,-0.046,0.058,13.31,0.25,0.03,2512,2658
68.474635,319.864514,11.7,0.14,-4.4,0.11,-0.027,0.04,16.68,0.33,0.03,2512,2756
68.432124,321.072456,9.11,0.1,-4.24,0.07,-0.009,0.021,14.6,0.28,0.03,2511,2797
68.380291,322.275005,9.77,0.14,-3.55,0.06,0.006,0.004,13.21,0.26,0.03,2511,2840
68.319209,323.471145,1.97,0.23,-4.58,0.16,0.02,0.011,7.19,0.1,0.04,2510,2898
68.248961,324.659893,-11.67,0.36,-4.38,0.13,0.029,0.022,-7.15,-0.19,0.02,2509,2740
68.169647,325.840305,-52.85,1.99,0.25,0.24,0.032,0.026,-55.35,-1.29,0.05,2508,2208
68.081372,327.011478,-110.36,5.4,0,0,0.032,0.029,-110.66,-2.49,0.12,2211,1089
67.984257,328.172553,-152.85,21.21,0,0,0.032,0.037,-130.14,-2.93,0.49,138,1
67.988871,309.053137,-47.87,10,0,0,-0.045,0.049,-35.45,-0.8,0.23,1,35
68.030444,310.236358,-44.46,3.77,0,0,-0.081,0.086,-29.92,-0.67,0.09,2138,821
68.062838,311.423666,-13.32,0.82,0,0,-0.102,0.11,-13.56,-0.31,0.02,2503,1387
68.086009,312.614056,-5.78,1.05,-2.31,0.31,-0.102,0.112,2.88,0.05,0.03,2504,1683
68.099924,313.806511,9.41,1.14,-6.65,0.24,-0.095,0.107,22.55,0.47,0.04,2504,1951
68.104565,315,16.41,0.27,-7.49,0.19,-0.086,0.099,23.94,0.51,0.03,2505,2160
68.099924,316.193489,14.1,0.14,-6.76,0.11,-0.071,0.084,20.57,0.43,0.02,2505,2351
68.086009,317.385944,12.31,0.19,-5.55,0.19,-0.053,0.067,20.54,0.42,0.03,2505,2511
68.062838,318.576334,10.35,0.12,-5.04,0.13,-0.036,0.049,15.53,0.3,0.03,2505,2634
68.030444,319.763642,9.61,0.17,-4.6,0.11,-0.017,0.03,14.94,0.29,0.03,2505,2648
67.988871,320.946863,9.09,0.13,-4.34,0.1,-0.001,0.012,14.38,0.28,0.03,2504,2643
67.938176,322.125016,12.58,0.16,-4.05,0.11,0.011,0.001,16.18,0.33,0.03,2504,2715
67.878428,323.297145,2.51,0.28,-5.25,0.16,0.021,0.012,7.11,0.1,0.04,2503,2879
67.809708,324.462322,-20.99,0.63,-5.56,0.26,0.024,0.017,-13.49,-0.36,0.03,2502,2683
67.732106,325.619655,-72.39,1.6,-0.78,0.39,0.02,0.014,-71.51,-1.65,0.04,2501,1556
67.645724,326.768289,-106.23,8.84,0,0,0.015,0.012,-106.8,-2.4,0.2,1156,134
67.586832,310.333142,-46.73,3.81,0,0,-0.089,0.095,-39.73,-0.89,0.09,1631,802
67.618522,311.496468,-7.12,0.82,0,0,-0.11,0.119,-6.56,-0.15,0.02,2496,1408
67.641188,312.662694,-2.78,0.43,-4.41,0.29,-0.107,0.118,4.78,0.09,0.02,2497,1717
67.6548,313.830861,15.57,0.25,-6.74,0.2,-0.096,0.109,21.34,0.45,0.03,2498,1982
67.659339,315,14.62,0.16,-6.75,0.19,-0.084,0.097,21.02,0.45,0.02,2498,2191
67.6548,316.169139,14.45,0.14,-7.05,0.09,-0.066,0.079,21.14,0.44,0.03,2498,2378
67.641188,317.337306,12.45,0.15,-6.66,0.15,-0.045,0.058,20.48,0.41,0.03,2498,2518
67.618522,318.503532,7.47,0.2,-5.52,0.18,-0.026,0.038,13.35,0.25,0.03,2498,2551
67.586832,319.666858,7.47,0.23,-6.1,0.24,-0.008,0.019,13.65,0.26,0.03,2498,2478
67.54616,320.826342,4.27,0.28,-7.34,0.31,0.007,0.004,11.71,0.22,0.03,2498,2445
67.496559,321.981057,6.84,0.33,-8.11,0.44,0.017,0.007,14.71,0.28,0.03,2497,2569
67.438095,323.130102,-2.56,0.9,-5.45,0.14,0.022,0.014,-1.48,-0.09,0.04,2496,2944
67.370842,324.272602,-24.13,0.62,-6.51,0.43,0.02,0.013,-15.15,-0.4,0.04,2496,2754
67.294888,325.407711,-59.75,2.8,0.83,0.43,0.012,0.005,-60.07,-1.39,0.07,2494,1720
67.210328,326.534621,-36.11,21.32,0,0,0.002,0.008,-35.27,-0.79,0.49,516,62
67.104008,309.289407,-24.82,18.34,0,0,-0.056,0.061,-29.86,-0.67,0.42,48,308
67.143814,310.426079,-38.27,3.37,0,0,-0.095,0.101,-35.66,-0.8,0.08,2239,939
67.174828,311.56637,4.88,1.28,0,0,-0.115,0.126,9.31,0.21,0.03,2489,1446
67.197009,312.70939,8.35,0.31,-5.35,0.26,-0.11,0.122,13.87,0.28,0.03,2490,1752
67.210328,313.854237,22.81,0.29,-6.86,0.22,-0.096,0.108,28.91,0.62,0.02,2491,2037
67.21477,315,16.15,0.12,-7.45,0.19,-0.079,0.093,22.6,0.48,0.02,2491,2239
67.210328,316.145763,17.36,0.16,-7.75,0.17,-0.058,0.072,22.98,0.48,0.03,2491,2411
67.197009,317.29061,8.56,0.16,-6.81,0.19,-0.036,0.049,14.78,0.28,0.03,2491,2533
67.174828,318.43363,8.19,0.35,-6.57,0.21,-0.017,0.029,14.97,0.29,0.03,2491,2441
67.143814,319.573921,1.15,0.21,-9.9,0.25,0,0.011,9.4,0.17,0.03,2491,2285
67.104008,320.710593,-20.97,0.42,-13.42,0.64,0.012,0.002,-8.17,-0.24,0.04,2491,2165
67.05546,321.842773,-33.88,1.12,-10.16,0.79,0.017,0.009,-25.96,-0.65,0.05,2490,2117
66.99823,322.96961,-47.3,1.91,-7.66,0.33,0.018,0.011,-45.19,-1.06,0.05,2489,2371
66.932391,324.090277,-53.81,4.65,-5.51,0.53,0.015,0.008,-45.58,-1.08,0.11,2489,2074
66.858024,325.203974,-97.97,2.53,0,0,0.006,0.001,-107.25,-2.41,0.06,2000,1438
66.775219,326.309932,-95.43,15.16,0,0,-0.006,0.002,-64.34,-1.45,0.35,19,0
66.701407,310.515394,-34.34,2.52,0,0,-0.1,0.107,-35.05,-0.79,0.06,1663,750
66.731769,311.633539,-3.45,1.42,0,0,-0.119,0.13,1.85,0.04,0.03,2482,1475
66.753483,312.754257,7.87,0.31,-7.13,0.25,-0.112,0.124,13.29,0.25,0.03,2483,1812
66.766522,313.876697,20.59,0.22,-10.65,0.36,-0.094,0.107,26.2,0.56,0.02,2484,2087
66.77087,315,16.89,0.17,-9.17,0.33,-0.074,0.087,25.34,0.53,0.03,2484,2288
66.766522,316.123303,40.67,1.11,-8.03,0.25,-0.05,0.063,46.34,1,0.04,2484,2434
66.753483,317.245743,1.18,0.18,-7.96,0.25,-0.027,0.039,8.44,0.13,0.04,2484,2485
66.731769,318.366461,-5.58,0.27,-9.06,0.36,-0.008,0.02,4.21,0.03,0.05,2484,2349
66.701407,319.484606,-17.96,0.3,-9.74,0.67,0.007,0.003,-10.43,-0.32,0.05,2484,2139
66.662434,320.599339,-121.82,0.68,-9.42,0.48,0.016,0.007,-110.45,-2.56,0.04,2484,1810
66.614899,321.709837,-170.34,5.95,0,0,0.018,0.01,-177.81,-4,0.14,2116,1242
66.558858,322.815294,-498.86,9.58,0,0,0.016,0.008,-501.21,-11.28,0.22,1166,1453
66.494381,323.914927,-195.48,5.22,0,0,0.01,0.004,-199.5,-4.49,0.12,1607,747
66.421542,325.00798,-80.42,10.17,0,0,-0.001,0.006,-81.89,-1.84,0.23,935,650
66.174894,308.418055,13.99,22.83,0,0,-0.043,0.049,13.88,0.31,0.52,702,1404
66.221454,309.507675,33.63,59.46,0,0,-0.072,0.077,18.03,0.41,1.36,461,867
66.259624,310.601295,-38.16,2.38,0,0,-0.109,0.116,-41.03,-0.92,0.05,1995,1193
66.289358,311.698134,-5.63,0.54,0,0,-0.126,0.136,-4.36,-0.1,0.01,2475,1573
66.310623,312.797402,8.7,0.33,-9.04,0.31,-0.115,0.127,17.22,0.34,0.02,2476,1939
66.323392,313.898294,14.1,0.18,-9.8,0.38,-0.093,0.106,17.83,0.36,0.03,2476,2168
66.32765,315,12.17,0.16,-8.15,0.28,-0.068,0.082,20.58,0.42,0.03,2477,2339
66.323392,316.101706,18.26,0.67,-7.5,0.29,-0.043,0.055,24.66,0.5,0.04,2477,2479
66.310623,317.202598,-12.82,0.27,-7.67,0.33,-0.019,0.031,-6.88,-0.23,0.05,2477,2381
66.289358,318.301866,-24.08,0.35,-9.29,0.57,-0.002,0.013,-14.28,-0.41,0.05,2477,2183
66.259624,319.398705,-46.03,0.65,-10.19,0.97,0.01,0.001,-39.02,-0.98,0.06,2477,1969
66.221454,320.492325,-86.44,0.49,-7.74,0.56,0.017,0.009,-73.89,-1.72,0.04,2476,1733
66.174894,321.581945,-179.94,20.89,0,0,0.017,0.009,-179.21,-4.03,0.48,1619,1177
66.12,322.666804,-199.79,9.63,0,0,0.011,0.004,-276.63,-6.22,0.22,28,397
66.056834,323.746162,-184.14,14.23,0,0,0.002,0.004,-183.51,-4.13,0.33,350,113
65.735465,308.541184,7.34,21.94,0,0,-0.056,0.061,13.25,0.3,0.5,350,446
65.781083,309.610688,-61.83,2.17,0,0,-0.087,0.091,-76,-1.71,0.05,1689,559
65.818479,310.683972,-26.74,1.15,0,0,-0.123,0.13,-30.72,-0.69,0.03,2467,1345
65.84761,311.7603,-4.58,0.5,0.41,0.36,-0.134,0.145,-2.98,-0.08,0.02,2468,1709
65.868441,312.838921,3.48,0.36,-10.39,0.5,-0.118,0.13,15.8,0.34,0.02,2468,2028
65.880949,313.919076,8.27,0.23,-9.74,0.42,-0.091,0.104,12.8,0.24,0.03,2469,2264
65.885121,315,5.23,0.14,-7.75,0.26,-0.064,0.076,13.51,0.25,0.03,2469,2413
65.880949,316.080924,-10.59,0.49,-5.69,0.41,-0.036,0.049,-5,-0.18,0.04,2470,2477
65.868441,317.161079,-35.78,0.4,-6.52,0.4,-0.014,0.025,-30.85,-0.79,0.06,2470,2272
65.84761,318.2397,-64.7,0.98,-8.82,0.8,0.001,0.009,-52.99,-1.3,0.06,2470,1980
65.818479,319.316028,-120.28,1.52,-1.03,0.47,0.011,0.002,-122.54,-2.82,0.04,2469,1633
65.781083,320.389312,-152.22,2.17,0,0,0.015,0.008,-152.72,-3.44,0.05,1941,984
65.735465,321.458816,-142.75,2.55,0,0,0.013,0.005,-108.74,-2.45,0.06,810,597
65.341338,309.709919,-36.33,4.57,0,0,-0.099,0.104,-39.06,-0.88,0.1,810,613
65.377988,310.763605,-30.23,1.31,0,0,-0.133,0.141,-32.11,-0.72,0.03,2459,1419
65.406535,311.82017,-5.08,0.55,-2.37,0.34,-0.141,0.152,3.86,0.05,0.03,2460,1802
65.426949,312.878904,1.73,0.34,-9.14,0.38,-0.12,0.133,12.14,0.23,0.03,2461,2143
65.439207,313.939088,3.5,0.2,-7.93,0.31,-0.089,0.103,8.4,0.14,0.03,2461,2360
65.443294,315,1.84,0.18,-6.43,0.18,-0.06,0.073,8.72,0.15,0.03,2462,2495
65.439207,316.060912,-23.91,0.2,-5.58,0.46,-0.031,0.043,-18.18,-0.48,0.04,2462,2445
65.426949,317.121096,-53.21,0.49,-6.76,0.55,-0.01,0.021,-47.21,-1.16,0.06,2462,2164
65.406535,318.17983,-195.47,2.01,-3.05,0.45,0.003,0.008,-186.85,-4.29,0.05,2462,1675
65.377988,319.236395,-181.91,2.92,0,0,0.009,0.001,-184.17,-4.14,0.07,2436,1220
65.341338,320.290081,-159.74,8.81,0,0,0.011,0.002,-169.15,-3.81,0.2,606,46
64.902234,309.805571,-24.96,12.06,0,0,-0.103,0.108,-24.95,-0.56,0.28,289,719
64.938163,310.840358,-42.5,2.25,0,0,-0.134,0.142,-39.98,-0.9,0.05,2407,1494
64.966148,311.87787,-4.55,0.55,-2.85,0.29,-0.141,0.152,1.96,0.03,0.02,2453,1916
64.986159,312.917435,8.09,0.28,-10,0.37,-0.117,0.13,16.43,0.32,0.03,2453,2268
64.998174,313.958373,9.04,0.15,-8.17,0.28,-0.083,0.096,14.18,0.27,0.03,2454,2445
65.002181,315,5.67,0.35,-5.78,0.21,-0.052,0.064,11.33,0.23,0.02,2454,2596
64.998174,316.041627,-19.41,0.24,-5.57,0.3,-0.024,0.035,-12.48,-0.36,0.05,2454,2541
64.986159,317.082565,-44.95,0.56,-5.55,0.39,-0.004,0.014,-40.32,-1,0.05,2455,2316
64.966148,318.12213,-130.29,2.04,-0.87,0.39,0.005,0.004,-128.84,-2.98,0.05,2454,1665
64.938163,319.159642,-207.5,21.8,0,0,0.008,0.003,-197.24,-4.44,0.5,637,65
64.902234,320.194429,-159.71,11.35,0,0,0.006,0.001,-183.08,-4.12,0.26,62,0
64.463786,309.897835,-74.67,34.82,0,0,-0.105,0.111,-73.73,-1.66,0.8,151,46
64.499019,310.914383,-41.3,4.58,0,0,-0.136,0.143,-38.51,-0.87,0.11,2225,1350
64.526461,311.933514,-21.51,1.2,-5.32,0.32,-0.141,0.152,-13.9,-0.35,0.04,2445,2017
64.546082,312.954592,6.07,0.25,-10.71,0.39,-0.115,0.127,16,0.31,0.04,2446,2335
64.557863,313.97697,11.29,0.24,-8.48,0.28,-0.078,0.09,16.9,0.33,0.03,2446,2512
64.561792,315,8.97,0.37,-5.33,0.23,-0.046,0.057,13.97,0.29,0.02,2447,2691
64.557863,316.02303,-18.45,0.2,-4.84,0.46,-0.018,0.029,-13.95,-0.44,0.07,2447,2675
64.546082,317.045408,-48.99,0.51,-4.48,0.52,0,0.01,-43.88,-1.11,0.07,2447,2342
64.526461,318.066486,-107.4,1.83,-2.97,0.52,0.006,0.003,-105.22,-2.42,0.05,2278,1575
64.499019,319.085617,-178.3,4.84,0,0,0.005,0.003,-176.53,-3.97,0.11,1494,653
64.026007,309.986886,-117.96,19.2,0,0,-0.101,0.107,-116.18,-2.61,0.44,346,268
64.060568,310.985824,-61.74,2.82,0,0,-0.126,0.134,-65.62,-1.48,0.06,2430,1328
64.087484,311.987212,-26.18,0.64,-3.32,0.33,-0.129,0.14,-21.84,-0.52,0.02,2437,1969
64.10673,312.990446,-5.26,0.51,-10.35,0.41,-0.104,0.116,5.64,0.07,0.04,2438,2265
64.118285,313.994914,6.67,0.16,-8.69,0.28,-0.067,0.079,13.01,0.25,0.03,2438,2537
64.122138,315,3.85,0.24,-5.46,0.15,-0.036,0.047,8.79,0.15,0.03,2439,2711
64.118285,316.005086,-14.33,0.24,-5.56,0.39,-0.011,0.021,-9.03,-0.29,0.05,2439,2760
64.10673,317.009554,-51.6,0.56,-4.69,0.77,0.004,0.005,-46.37,-1.19,0.09,2439,2443
64.087484,318.012788,-136.65,3.78,0,0,0.008,0.001,-142.21,-3.2,0.09,2281,1644
64.060568,319.014176,-170.85,17.63,0,0,0.003,0.005,-175.07,-3.94,0.4,1202,380
63.547534,309.093859,-161.37,25.82,0,0,-0.08,0.086,-161.14,-3.63,0.59,38,67
63.588912,310.07289,-50.85,8.13,0,0,-0.096,0.101,-50.46,-1.14,0.19,990,785
63.622823,311.054814,-30.87,1.85,-2.18,0.28,-0.116,0.123,-26.52,-0.64,0.05,2410,1551
63.649232,312.039064,-21.31,0.51,-7.35,0.52,-0.117,0.127,-14.72,-0.34,0.02,2429,2068
63.668114,313.025066,-5.73,0.37,-10.6,0.52,-0.092,0.103,3.37,0.03,0.04,2430,2394
63.679451,314.01224,2.47,0.18,-9.67,0.62,-0.056,0.066,11.96,0.22,0.03,2430,2592
63.683231,315,3.36,0.17,-7.31,0.31,-0.025,0.035,10.4,0.19,0.03,2431,2748
63.679451,315.98776,-18.76,0.28,-5.87,0.5,-0.003,0.013,-14.24,-0.4,0.07,2431,2755
63.668114,316.974934,-56.41,0.97,-3.04,1.19,0.009,0,-52.44,-1.31,0.08,2431,2414
63.649232,317.960936,-132.83,7.1,0,0,0.01,0.002,-133.07,-2.99,0.16,1265,1334
63.622823,318.945186,-61.15,32.09,0,0,0.001,0.006,-52.2,-1.17,0.74,378,583
63.152516,310.156,-58.69,6.68,0,0,-0.082,0.088,-58.43,-1.31,0.15,290,108
63.185797,311.121475,-23.02,0.91,-1.67,0.38,-0.095,0.102,-21.49,-0.52,0.03,2339,1715
63.211715,312.089162,-17.84,0.49,-8.07,0.52,-0.097,0.106,-8.88,-0.21,0.02,2421,2113
63.230245,313.058514,0.07,0.34,-7.15,0.7,-0.076,0.087,5.69,0.06,0.05,2422,2489
63.241371,314.028978,6.78,0.18,-7.92,0.55,-0.043,0.053,14.56,0.27,0.04,2422,2684
63.24508,315,0.85,0.26,-7.49,0.53,-0.013,0.023,8.08,0.13,0.04,2423,2826
63.241371,315.971022,-18.37,0.72,-4.76,0.89,0.005,0.004,-13.39,-0.34,0.04,2423,2642
63.230245,316.941486,-40.96,2.68,-2.91,0.77,0.013,0.005,-37.6,-0.9,0.07,2071,1936
63.211715,317.910838,6.61,14.77,0,0,0.011,0.003,-0.76,-0.02,0.34,615,687
62.71683,310.236358,-48.52,5.81,0,0,-0.065,0.071,-46.3,-1.04,0.13,1143,583
62.749502,311.185925,-41.9,2.42,-1.43,0.25,-0.071,0.077,-39.47,-0.92,0.06,2412,1454
62.774945,312.137595,-0.63,0.63,-5.61,0.37,-0.074,0.081,5.25,0.08,0.05,2413,2048
62.793135,313.090848,13.19,0.82,-6.06,0.85,-0.059,0.068,18.43,0.35,0.05,2414,2446
62.804055,314.045159,12.98,0.38,-7.31,0.87,-0.029,0.038,19.14,0.37,0.04,2414,2612
62.807697,315,2.74,0.47,-6.53,0.68,-0.001,0.01,9.28,0.18,0.03,2415,2822
62.804055,315.954841,-44.27,1.94,-1.2,1.14,0.015,0.007,-46.91,-1.11,0.06,2415,2291
62.793135,316.909152,-346.59,8.61,0,0,0.018,0.01,-342.19,-7.7,0.2,1143,880
62.774945,317.862405,-157.38,11.85,0,0,0.012,0.004,-168.09,-3.78,0.27,3,137
62.281869,310.3141,-58.2,13.75,0,0,-0.053,0.059,-29.93,-0.67,0.32,69,58
62.313951,311.248271,-32.99,2.76,0,0,-0.051,0.056,-33.86,-0.76,0.06,1954,1144
62.338933,312.184443,-11.96,0.95,-4.34,0.52,-0.052,0.058,-7.69,-0.18,0.02,2405,1703
62.356793,313.122123,-9.44,0.82,-6.9,1.01,-0.041,0.048,-2.32,-0.12,0.05,2405,2119
62.367516,314.060809,5.23,0.5,-7.01,1.06,-0.015,0.023,12.75,0.24,0.04,2406,2464
62.371091,315,6.04,0.52,-5.99,0.68,0.01,0.003,12.01,0.23,0.03,2406,2748
62.367516,315.939191,-23.1,1.06,-1.24,1.05,0.023,0.015,-24.97,-0.61,0.04,2406,2457
62.356793,316.877877,-598.26,10.93,0,0,0.022,0.015,-596.72,-13.43,0.25,1647,613
62.338933,317.815557,-151.76,6.54,0,0,0.012,0.004,-153.1,-3.44,0.15,305,31
61.879154,311.308614,2.86,6.69,0,0,-0.037,0.042,1.89,0.04,0.15,287,741
61.90369,312.229784,-25.81,1.87,0.63,0.24,-0.031,0.036,-26.3,-0.63,0.05,2130,1371
61.921231,313.15239,-15.67,0.84,-4.84,0.46,-0.019,0.025,-10.41,-0.26,0.03,2397,1991
61.931762,314.075955,2.85,0.99,-7.09,0.84,0.001,0.006,8.71,0.14,0.04,2397,2374
61.935273,315,14.79,1.15,-6.53,0.76,0.019,0.013,21.03,0.43,0.05,2398,2378
61.931762,315.924045,-8.35,2.08,-5.05,1.11,0.027,0.021,-3.3,-0.15,0.07,2398,2247
61.921231,316.84761,-203.25,6.9,0,0,0.023,0.017,-203.71,-4.58,0.16,2257,1168
61.90369,317.770216,-102.41,13.81,0,0,0.012,0.006,-107.15,-2.41,0.32,568,50
61.445125,311.367049,-44.81,6.97,0,0,-0.024,0.029,-44.84,-1.01,0.16,21,5
61.469228,312.273689,-46.7,3.66,0,0,-0.011,0.017,-3.72,-0.08,0.08,1585,1222
61.486459,313.181697,-43.37,1.25,1.09,0.61,0.002,0.004,-46.81,-1.1,0.04,2388,1474
61.496804,314.09062,-6.86,3.09,0,0,0.017,0.011,-6.43,-0.14,0.07,1715,1430
61.500253,315,14.16,4.96,0,0,0.029,0.023,13.48,0.3,0.11,1744,1454
61.496804,315.90938,-7.78,3.8,-13.79,1.45,0.032,0.026,5.76,0.12,0.09,2390,1986
61.486459,316.818303,-102.77,12.08,0,0,0.026,0.02,-102.04,-2.3,0.28,1511,734
61.469228,317.726311,-274.17,15.26,0,0,0.013,0.015,-263.52,-5.93,0.35,220,10
61.035558,312.316225,-125.96,8.68,0,0,-0.011,0.015,-153.78,-3.46,0.2,583,2096
61.052488,313.210089,-1.6,5.23,0,0,0.003,0.001,-0.7,-0.02,0.12,1261,482
61.062652,314.104826,-42.34,6.71,0,0,0.017,0.012,-57.79,-1.3,0.15,119,304
61.066041,315,-167.76,14.11,0,0,0.027,0.022,-169.13,-3.81,0.32,867,204
61.062652,315.895174,19.71,4.34,-5.73,0.82,0.029,0.024,25.11,0.5,0.11,2071,2551
61.052488,316.789911,-271.82,12.95,0,0,0.022,0.018,-272.01,-6.12,0.3,239,564
60.632647,315,-41,13.85,0,0,0.027,0.023,-24.38,-0.55,0.32,1,1116
60.629316,315.881404,86.97,28.16,0,0,0.028,0.024,88.02,1.98,0.65,1068,593
